trajectory,frame,n_visible,n_stable,n_moved,n_entered,n_exited,churn_rate,work_ratio,mean_hops,p95_hops
static,0,25161,0,0,25161,0,0.000000,1.000000,0.000,0.0
static,1,25161,25161,0,0,0,0.000000,0.000000,0.000,0.0
static,2,25161,25161,0,0,0,0.000000,0.000000,0.000,0.0
static,3,25161,25161,0,0,0,0.000000,0.000000,0.000,0.0
static,4,25161,25161,0,0,0,0.000000,0.000000,0.000,0.0
static,5,25161,25161,0,0,0,0.000000,0.000000,0.000,0.0
static,6,25161,25161,0,0,0,0.000000,0.000000,0.000,0.0
static,7,25161,25161,0,0,0,0.000000,0.000000,0.000,0.0
static,8,25161,25161,0,0,0,0.000000,0.000000,0.000,0.0
static,9,25161,25161,0,0,0,0.000000,0.000000,0.000,0.0
static,10,25161,25161,0,0,0,0.000000,0.000000,0.000,0.0
static,11,25161,25161,0,0,0,0.000000,0.000000,0.000,0.0
static,12,25161,25161,0,0,0,0.000000,0.000000,0.000,0.0
static,13,25161,25161,0,0,0,0.000000,0.000000,0.000,0.0
static,14,25161,25161,0,0,0,0.000000,0.000000,0.000,0.0
static,15,25161,25161,0,0,0,0.000000,0.000000,0.000,0.0
static,16,25161,25161,0,0,0,0.000000,0.000000,0.000,0.0
static,17,25161,25161,0,0,0,0.000000,0.000000,0.000,0.0
static,18,25161,25161,0,0,0,0.000000,0.000000,0.000,0.0
static,19,25161,25161,0,0,0,0.000000,0.000000,0.000,0.0
static,20,25161,25161,0,0,0,0.000000,0.000000,0.000,0.0
static,21,25161,25161,0,0,0,0.000000,0.000000,0.000,0.0
static,22,25161,25161,0,0,0,0.000000,0.000000,0.000,0.0
static,23,25161,25161,0,0,0,0.000000,0.000000,0.000,0.0
static,24,25161,25161,0,0,0,0.000000,0.000000,0.000,0.0
static,25,25161,25161,0,0,0,0.000000,0.000000,0.000,0.0
static,26,25161,25161,0,0,0,0.000000,0.000000,0.000,0.0
static,27,25161,25161,0,0,0,0.000000,0.000000,0.000,0.0
static,28,25161,25161,0,0,0,0.000000,0.000000,0.000,0.0
static,29,25161,25161,0,0,0,0.000000,0.000000,0.000,0.0
static,30,25161,25161,0,0,0,0.000000,0.000000,0.000,0.0
static,31,25161,25161,0,0,0,0.000000,0.000000,0.000,0.0
static,32,25161,25161,0,0,0,0.000000,0.000000,0.000,0.0
static,33,25161,25161,0,0,0,0.000000,0.000000,0.000,0.0
static,34,25161,25161,0,0,0,0.000000,0.000000,0.000,0.0
static,35,25161,25161,0,0,0,0.000000,0.000000,0.000,0.0
static,36,25161,25161,0,0,0,0.000000,0.000000,0.000,0.0
static,37,25161,25161,0,0,0,0.000000,0.000000,0.000,0.0
static,38,25161,25161,0,0,0,0.000000,0.000000,0.000,0.0
static,39,25161,25161,0,0,0,0.000000,0.000000,0.000,0.0
static,40,25161,25161,0,0,0,0.000000,0.000000,0.000,0.0
static,41,25161,25161,0,0,0,0.000000,0.000000,0.000,0.0
static,42,25161,25161,0,0,0,0.000000,0.000000,0.000,0.0
static,43,25161,25161,0,0,0,0.000000,0.000000,0.000,0.0
static,44,25161,25161,0,0,0,0.000000,0.000000,0.000,0.0
static,45,25161,25161,0,0,0,0.000000,0.000000,0.000,0.0
static,46,25161,25161,0,0,0,0.000000,0.000000,0.000,0.0
static,47,25161,25161,0,0,0,0.000000,0.000000,0.000,0.0
static,48,25161,25161,0,0,0,0.000000,0.000000,0.000,0.0
static,49,25161,25161,0,0,0,0.000000,0.000000,0.000,0.0
static,50,25161,25161,0,0,0,0.000000,0.000000,0.000,0.0
static,51,25161,25161,0,0,0,0.000000,0.000000,0.000,0.0
static,52,25161,25161,0,0,0,0.000000,0.000000,0.000,0.0
static,53,25161,25161,0,0,0,0.000000,0.000000,0.000,0.0
static,54,25161,25161,0,0,0,0.000000,0.000000,0.000,0.0
static,55,25161,25161,0,0,0,0.000000,0.000000,0.000,0.0
static,56,25161,25161,0,0,0,0.000000,0.000000,0.000,0.0
static,57,25161,25161,0,0,0,0.000000,0.000000,0.000,0.0
static,58,25161,25161,0,0,0,0.000000,0.000000,0.000,0.0
static,59,25161,25161,0,0,0,0.000000,0.000000,0.000,0.0
static,60,25161,25161,0,0,0,0.000000,0.000000,0.000,0.0
static,61,25161,25161,0,0,0,0.000000,0.000000,0.000,0.0
static,62,25161,25161,0,0,0,0.000000,0.000000,0.000,0.0
static,63,25161,25161,0,0,0,0.000000,0.000000,0.000,0.0
static,64,25161,25161,0,0,0,0.000000,0.000000,0.000,0.0
static,65,25161,25161,0,0,0,0.000000,0.000000,0.000,0.0
static,66,25161,25161,0,0,0,0.000000,0.000000,0.000,0.0
static,67,25161,25161,0,0,0,0.000000,0.000000,0.000,0.0
static,68,25161,25161,0,0,0,0.000000,0.000000,0.000,0.0
static,69,25161,25161,0,0,0,0.000000,0.000000,0.000,0.0
static,70,25161,25161,0,0,0,0.000000,0.000000,0.000,0.0
static,71,25161,25161,0,0,0,0.000000,0.000000,0.000,0.0
static,72,25161,25161,0,0,0,0.000000,0.000000,0.000,0.0
static,73,25161,25161,0,0,0,0.000000,0.000000,0.000,0.0
static,74,25161,25161,0,0,0,0.000000,0.000000,0.000,0.0
static,75,25161,25161,0,0,0,0.000000,0.000000,0.000,0.0
static,76,25161,25161,0,0,0,0.000000,0.000000,0.000,0.0
static,77,25161,25161,0,0,0,0.000000,0.000000,0.000,0.0
static,78,25161,25161,0,0,0,0.000000,0.000000,0.000,0.0
static,79,25161,25161,0,0,0,0.000000,0.000000,0.000,0.0
static,80,25161,25161,0,0,0,0.000000,0.000000,0.000,0.0
static,81,25161,25161,0,0,0,0.000000,0.000000,0.000,0.0
static,82,25161,25161,0,0,0,0.000000,0.000000,0.000,0.0
static,83,25161,25161,0,0,0,0.000000,0.000000,0.000,0.0
static,84,25161,25161,0,0,0,0.000000,0.000000,0.000,0.0
static,85,25161,25161,0,0,0,0.000000,0.000000,0.000,0.0
static,86,25161,25161,0,0,0,0.000000,0.000000,0.000,0.0
static,87,25161,25161,0,0,0,0.000000,0.000000,0.000,0.0
static,88,25161,25161,0,0,0,0.000000,0.000000,0.000,0.0
static,89,25161,25161,0,0,0,0.000000,0.000000,0.000,0.0
static,90,25161,25161,0,0,0,0.000000,0.000000,0.000,0.0
static,91,25161,25161,0,0,0,0.000000,0.000000,0.000,0.0
static,92,25161,25161,0,0,0,0.000000,0.000000,0.000,0.0
static,93,25161,25161,0,0,0,0.000000,0.000000,0.000,0.0
static,94,25161,25161,0,0,0,0.000000,0.000000,0.000,0.0
static,95,25161,25161,0,0,0,0.000000,0.000000,0.000,0.0
static,96,25161,25161,0,0,0,0.000000,0.000000,0.000,0.0
static,97,25161,25161,0,0,0,0.000000,0.000000,0.000,0.0
static,98,25161,25161,0,0,0,0.000000,0.000000,0.000,0.0
static,99,25161,25161,0,0,0,0.000000,0.000000,0.000,0.0
orbit_0.1deg,0,25161,0,0,25161,0,0.000000,1.000000,0.000,0.0
orbit_0.1deg,1,25161,25055,106,0,0,0.004213,0.004213,1.000,1.0
orbit_0.1deg,2,25161,25037,124,0,0,0.004928,0.004928,1.000,1.0
orbit_0.1deg,3,25161,25035,126,0,0,0.005008,0.005008,1.000,1.0
orbit_0.1deg,4,25161,25043,118,0,0,0.004690,0.004690,1.000,1.0
orbit_0.1deg,5,25161,25012,149,0,0,0.005922,0.005922,1.000,1.0
orbit_0.1deg,6,25161,25039,122,0,0,0.004849,0.004849,1.000,1.0
orbit_0.1deg,7,25161,25036,125,0,0,0.004968,0.004968,1.000,1.0
orbit_0.1deg,8,25161,25024,137,0,0,0.005445,0.005445,1.000,1.0
orbit_0.1deg,9,25161,25012,149,0,0,0.005922,0.005922,1.000,1.0
orbit_0.1deg,10,25161,25029,132,0,0,0.005246,0.005246,1.000,1.0
orbit_0.1deg,11,25161,25032,129,0,0,0.005127,0.005127,1.000,1.0
orbit_0.1deg,12,25161,25005,156,0,0,0.006200,0.006200,1.000,1.0
orbit_0.1deg,13,25161,25030,131,0,0,0.005206,0.005206,1.000,1.0
orbit_0.1deg,14,25161,25037,124,0,0,0.004928,0.004928,1.000,1.0
orbit_0.1deg,15,25161,25042,119,0,0,0.004730,0.004730,1.000,1.0
orbit_0.1deg,16,25161,25036,125,0,0,0.004968,0.004968,1.000,1.0
orbit_0.1deg,17,25161,25032,129,0,0,0.005127,0.005127,1.000,1.0
orbit_0.1deg,18,25161,25015,146,0,0,0.005803,0.005803,1.000,1.0
orbit_0.1deg,19,25161,25036,125,0,0,0.004968,0.004968,1.000,1.0
orbit_0.1deg,20,25161,25023,138,0,0,0.005485,0.005485,1.000,1.0
orbit_0.1deg,21,25161,25044,117,0,0,0.004650,0.004650,1.000,1.0
orbit_0.1deg,22,25161,25035,126,0,0,0.005008,0.005008,1.000,1.0
orbit_0.1deg,23,25161,25046,115,0,0,0.004571,0.004571,1.000,1.0
orbit_0.1deg,24,25161,25040,121,0,0,0.004809,0.004809,1.000,1.0
orbit_0.1deg,25,25161,25034,127,0,0,0.005047,0.005047,1.000,1.0
orbit_0.1deg,26,25161,25048,113,0,0,0.004491,0.004491,1.000,1.0
orbit_0.1deg,27,25161,25052,109,0,0,0.004332,0.004332,1.000,1.0
orbit_0.1deg,28,25161,25037,124,0,0,0.004928,0.004928,1.000,1.0
orbit_0.1deg,29,25161,25049,112,0,0,0.004451,0.004451,1.000,1.0
orbit_0.1deg,30,25161,25055,106,0,0,0.004213,0.004213,1.000,1.0
orbit_0.1deg,31,25161,25028,133,0,0,0.005286,0.005286,1.000,1.0
orbit_0.1deg,32,25161,25064,97,0,0,0.003855,0.003855,1.000,1.0
orbit_0.1deg,33,25161,25035,126,0,0,0.005008,0.005008,1.000,1.0
orbit_0.1deg,34,25161,25038,123,0,0,0.004889,0.004889,1.000,1.0
orbit_0.1deg,35,25161,25032,129,0,0,0.005127,0.005127,1.000,1.0
orbit_0.1deg,36,25161,25023,138,0,0,0.005485,0.005485,1.007,1.0
orbit_0.1deg,37,25161,25011,150,0,0,0.005962,0.005962,1.000,1.0
orbit_0.1deg,38,25161,25045,116,0,0,0.004610,0.004610,1.000,1.0
orbit_0.1deg,39,25161,25002,159,0,0,0.006319,0.006319,1.000,1.0
orbit_0.1deg,40,25161,25015,146,0,0,0.005803,0.005803,1.000,1.0
orbit_0.1deg,41,25161,25026,135,0,0,0.005365,0.005365,1.000,1.0
orbit_0.1deg,42,25161,25028,133,0,0,0.005286,0.005286,1.000,1.0
orbit_0.1deg,43,25161,25035,126,0,0,0.005008,0.005008,1.000,1.0
orbit_0.1deg,44,25161,25041,120,0,0,0.004769,0.004769,1.000,1.0
orbit_0.1deg,45,25161,25018,143,0,0,0.005683,0.005683,1.000,1.0
orbit_0.1deg,46,25161,25058,103,0,0,0.004094,0.004094,1.000,1.0
orbit_0.1deg,47,25161,25071,90,0,0,0.003577,0.003577,1.000,1.0
orbit_0.1deg,48,25161,25040,121,0,0,0.004809,0.004809,1.000,1.0
orbit_0.1deg,49,25161,25068,93,0,0,0.003696,0.003696,1.000,1.0
orbit_0.1deg,50,25161,25037,124,0,0,0.004928,0.004928,1.000,1.0
orbit_0.1deg,51,25161,25027,134,0,0,0.005326,0.005326,1.000,1.0
orbit_0.1deg,52,25161,25050,111,0,0,0.004412,0.004412,1.000,1.0
orbit_0.1deg,53,25161,25020,141,0,0,0.005604,0.005604,1.000,1.0
orbit_0.1deg,54,25161,25025,136,0,0,0.005405,0.005405,1.000,1.0
orbit_0.1deg,55,25161,25051,110,0,0,0.004372,0.004372,1.000,1.0
orbit_0.1deg,56,25161,25018,143,0,0,0.005683,0.005683,1.000,1.0
orbit_0.1deg,57,25161,25052,109,0,0,0.004332,0.004332,1.000,1.0
orbit_0.1deg,58,25161,25049,112,0,0,0.004451,0.004451,1.000,1.0
orbit_0.1deg,59,25161,25054,107,0,0,0.004253,0.004253,1.009,1.0
orbit_0.1deg,60,25161,25057,104,0,0,0.004133,0.004133,1.000,1.0
orbit_0.1deg,61,25161,25024,137,0,0,0.005445,0.005445,1.000,1.0
orbit_0.1deg,62,25161,25029,132,0,0,0.005246,0.005246,1.000,1.0
orbit_0.1deg,63,25161,25038,123,0,0,0.004889,0.004889,1.000,1.0
orbit_0.1deg,64,25161,25040,121,0,0,0.004809,0.004809,1.000,1.0
orbit_0.1deg,65,25161,25031,130,0,0,0.005167,0.005167,1.000,1.0
orbit_0.1deg,66,25161,25049,112,0,0,0.004451,0.004451,1.000,1.0
orbit_0.1deg,67,25161,25045,116,0,0,0.004610,0.004610,1.000,1.0
orbit_0.1deg,68,25161,25049,112,0,0,0.004451,0.004451,1.000,1.0
orbit_0.1deg,69,25161,25046,115,0,0,0.004571,0.004571,1.000,1.0
orbit_0.1deg,70,25161,25025,136,0,0,0.005405,0.005405,1.007,1.0
orbit_0.1deg,71,25161,25048,113,0,0,0.004491,0.004491,1.000,1.0
orbit_0.1deg,72,25161,25025,136,0,0,0.005405,0.005405,1.000,1.0
orbit_0.1deg,73,25161,25026,135,0,0,0.005365,0.005365,1.000,1.0
orbit_0.1deg,74,25161,25022,139,0,0,0.005524,0.005524,1.000,1.0
orbit_0.1deg,75,25161,25059,102,0,0,0.004054,0.004054,1.000,1.0
orbit_0.1deg,76,25161,25019,142,0,0,0.005644,0.005644,1.000,1.0
orbit_0.1deg,77,25161,25015,146,0,0,0.005803,0.005803,1.000,1.0
orbit_0.1deg,78,25161,25026,135,0,0,0.005365,0.005365,1.000,1.0
orbit_0.1deg,79,25161,25030,131,0,0,0.005206,0.005206,1.000,1.0
orbit_0.1deg,80,25161,25024,137,0,0,0.005445,0.005445,1.000,1.0
orbit_0.1deg,81,25161,25016,145,0,0,0.005763,0.005763,1.000,1.0
orbit_0.1deg,82,25161,25045,116,0,0,0.004610,0.004610,1.000,1.0
orbit_0.1deg,83,25161,25019,142,0,0,0.005644,0.005644,1.000,1.0
orbit_0.1deg,84,25161,25058,103,0,0,0.004094,0.004094,1.000,1.0
orbit_0.1deg,85,25161,25054,107,0,0,0.004253,0.004253,1.000,1.0
orbit_0.1deg,86,25161,25034,127,0,0,0.005047,0.005047,1.000,1.0
orbit_0.1deg,87,25161,25031,130,0,0,0.005167,0.005167,1.000,1.0
orbit_0.1deg,88,25161,25053,108,0,0,0.004292,0.004292,1.000,1.0
orbit_0.1deg,89,25161,25045,116,0,0,0.004610,0.004610,1.000,1.0
orbit_0.1deg,90,25161,25050,111,0,0,0.004412,0.004412,1.000,1.0
orbit_0.1deg,91,25161,25037,124,0,0,0.004928,0.004928,1.000,1.0
orbit_0.1deg,92,25161,25049,112,0,0,0.004451,0.004451,1.000,1.0
orbit_0.1deg,93,25161,25031,130,0,0,0.005167,0.005167,1.000,1.0
orbit_0.1deg,94,25161,25041,120,0,0,0.004769,0.004769,1.000,1.0
orbit_0.1deg,95,25161,25034,127,0,0,0.005047,0.005047,1.000,1.0
orbit_0.1deg,96,25161,25042,119,0,0,0.004730,0.004730,1.000,1.0
orbit_0.1deg,97,25161,25059,102,0,0,0.004054,0.004054,1.000,1.0
orbit_0.1deg,98,25161,25036,125,0,0,0.004968,0.004968,1.000,1.0
orbit_0.1deg,99,25161,24968,193,0,0,0.007671,0.007671,1.000,1.0
orbit_0.1deg,100,25161,24976,185,0,0,0.007353,0.007353,1.000,1.0
orbit_0.1deg,101,25161,24946,215,0,0,0.008545,0.008545,1.000,1.0
orbit_0.1deg,102,25161,24909,252,0,0,0.010015,0.010015,1.000,1.0
orbit_0.1deg,103,25161,24957,204,0,0,0.008108,0.008108,1.000,1.0
orbit_0.1deg,104,25161,24945,216,0,0,0.008585,0.008585,1.005,1.0
orbit_0.1deg,105,25161,24981,180,0,0,0.007154,0.007154,1.000,1.0
orbit_0.1deg,106,25161,24981,180,0,0,0.007154,0.007154,1.000,1.0
orbit_0.1deg,107,25161,24965,196,0,0,0.007790,0.007790,1.000,1.0
orbit_0.1deg,108,25161,24966,195,0,0,0.007750,0.007750,1.000,1.0
orbit_0.1deg,109,25161,24981,180,0,0,0.007154,0.007154,1.000,1.0
orbit_0.1deg,110,25161,24951,210,0,0,0.008346,0.008346,1.000,1.0
orbit_0.1deg,111,25161,24985,176,0,0,0.006995,0.006995,1.000,1.0
orbit_0.1deg,112,25161,24926,235,0,0,0.009340,0.009340,1.000,1.0
orbit_0.1deg,113,25161,24969,192,0,0,0.007631,0.007631,1.000,1.0
orbit_0.1deg,114,25161,24963,198,0,0,0.007869,0.007869,1.000,1.0
orbit_0.1deg,115,25161,24989,172,0,0,0.006836,0.006836,1.006,1.0
orbit_0.1deg,116,25161,25003,158,0,0,0.006280,0.006280,1.000,1.0
orbit_0.1deg,117,25161,25008,153,0,0,0.006081,0.006081,1.000,1.0
orbit_0.1deg,118,25161,24982,179,0,0,0.007114,0.007114,1.000,1.0
orbit_0.1deg,119,25161,25031,130,0,0,0.005167,0.005167,1.000,1.0
orbit_0.1deg,120,25161,25027,134,0,0,0.005326,0.005326,1.000,1.0
orbit_0.1deg,121,25161,25021,140,0,0,0.005564,0.005564,1.000,1.0
orbit_0.1deg,122,25161,25020,141,0,0,0.005604,0.005604,1.000,1.0
orbit_0.1deg,123,25161,25003,158,0,0,0.006280,0.006280,1.000,1.0
orbit_0.1deg,124,25161,25007,154,0,0,0.006121,0.006121,1.000,1.0
orbit_0.1deg,125,25161,24971,190,0,0,0.007551,0.007551,1.000,1.0
orbit_0.1deg,126,25161,24975,186,0,0,0.007392,0.007392,1.000,1.0
orbit_0.1deg,127,25161,24986,175,0,0,0.006955,0.006955,1.000,1.0
orbit_0.1deg,128,25161,24967,194,0,0,0.007710,0.007710,1.000,1.0
orbit_0.1deg,129,25161,24989,172,0,0,0.006836,0.006836,1.000,1.0
orbit_0.1deg,130,25161,24963,198,0,0,0.007869,0.007869,1.000,1.0
orbit_0.1deg,131,25161,24994,167,0,0,0.006637,0.006637,1.000,1.0
orbit_0.1deg,132,25161,25011,150,0,0,0.005962,0.005962,1.000,1.0
orbit_0.1deg,133,25161,24971,190,0,0,0.007551,0.007551,1.000,1.0
orbit_0.1deg,134,25161,24996,165,0,0,0.006558,0.006558,1.000,1.0
orbit_0.1deg,135,25161,25020,141,0,0,0.005604,0.005604,1.000,1.0
orbit_0.1deg,136,25161,24996,165,0,0,0.006558,0.006558,1.000,1.0
orbit_0.1deg,137,25161,25030,131,0,0,0.005206,0.005206,1.000,1.0
orbit_0.1deg,138,25161,25034,127,0,0,0.005047,0.005047,1.000,1.0
orbit_0.1deg,139,25161,25032,129,0,0,0.005127,0.005127,1.000,1.0
orbit_0.1deg,140,25161,25032,129,0,0,0.005127,0.005127,1.000,1.0
orbit_0.1deg,141,25161,25019,142,0,0,0.005644,0.005644,1.000,1.0
orbit_0.1deg,142,25161,25015,146,0,0,0.005803,0.005803,1.000,1.0
orbit_0.1deg,143,25161,24996,165,0,0,0.006558,0.006558,1.000,1.0
orbit_0.1deg,144,25161,25002,159,0,0,0.006319,0.006319,1.000,1.0
orbit_0.1deg,145,25161,25024,137,0,0,0.005445,0.005445,1.000,1.0
orbit_0.1deg,146,25161,24979,182,0,0,0.007233,0.007233,1.000,1.0
orbit_0.1deg,147,25161,25006,155,0,0,0.006160,0.006160,1.000,1.0
orbit_0.1deg,148,25161,25005,156,0,0,0.006200,0.006200,1.000,1.0
orbit_0.1deg,149,25161,25032,129,0,0,0.005127,0.005127,1.000,1.0
orbit_0.1deg,150,25161,25008,153,0,0,0.006081,0.006081,1.000,1.0
orbit_0.1deg,151,25161,25017,144,0,0,0.005723,0.005723,1.007,1.0
orbit_0.1deg,152,25161,24986,175,0,0,0.006955,0.006955,1.000,1.0
orbit_0.1deg,153,25161,24989,172,0,0,0.006836,0.006836,1.000,1.0
orbit_0.1deg,154,25161,24989,172,0,0,0.006836,0.006836,1.000,1.0
orbit_0.1deg,155,25161,25006,155,0,0,0.006160,0.006160,1.000,1.0
orbit_0.1deg,156,25161,24973,188,0,0,0.007472,0.007472,1.000,1.0
orbit_0.1deg,157,25161,24948,213,0,0,0.008465,0.008465,1.000,1.0
orbit_0.1deg,158,25161,24969,192,0,0,0.007631,0.007631,1.000,1.0
orbit_0.1deg,159,25161,24955,206,0,0,0.008187,0.008187,1.000,1.0
orbit_0.1deg,160,25161,24987,174,0,0,0.006915,0.006915,1.000,1.0
orbit_0.1deg,161,25161,25021,140,0,0,0.005564,0.005564,1.000,1.0
orbit_0.1deg,162,25161,25016,145,0,0,0.005763,0.005763,1.000,1.0
orbit_0.1deg,163,25161,24974,187,0,0,0.007432,0.007432,1.000,1.0
orbit_0.1deg,164,25161,25021,140,0,0,0.005564,0.005564,1.000,1.0
orbit_0.1deg,165,25161,25026,135,0,0,0.005365,0.005365,1.000,1.0
orbit_0.1deg,166,25161,25000,161,0,0,0.006399,0.006399,1.000,1.0
orbit_0.1deg,167,25161,25026,135,0,0,0.005365,0.005365,1.000,1.0
orbit_0.1deg,168,25161,25020,141,0,0,0.005604,0.005604,1.000,1.0
orbit_0.1deg,169,25161,25047,114,0,0,0.004531,0.004531,1.000,1.0
orbit_0.1deg,170,25161,25007,154,0,0,0.006121,0.006121,1.000,1.0
orbit_0.1deg,171,25161,24985,176,0,0,0.006995,0.006995,1.000,1.0
orbit_0.1deg,172,25161,25010,151,0,0,0.006001,0.006001,1.000,1.0
orbit_0.1deg,173,25161,25019,142,0,0,0.005644,0.005644,1.000,1.0
orbit_0.1deg,174,25161,25038,123,0,0,0.004889,0.004889,1.000,1.0
orbit_0.1deg,175,25161,25039,122,0,0,0.004849,0.004849,1.000,1.0
orbit_0.1deg,176,25161,25030,131,0,0,0.005206,0.005206,1.000,1.0
orbit_0.1deg,177,25161,25025,136,0,0,0.005405,0.005405,1.000,1.0
orbit_0.1deg,178,25161,25031,130,0,0,0.005167,0.005167,1.000,1.0
orbit_0.1deg,179,25161,25035,126,0,0,0.005008,0.005008,1.000,1.0
orbit_0.1deg,180,25161,25030,131,0,0,0.005206,0.005206,1.000,1.0
orbit_0.1deg,181,25161,25026,135,0,0,0.005365,0.005365,1.000,1.0
orbit_0.1deg,182,25161,25029,132,0,0,0.005246,0.005246,1.000,1.0
orbit_0.1deg,183,25161,25035,126,0,0,0.005008,0.005008,1.000,1.0
orbit_0.1deg,184,25161,25018,143,0,0,0.005683,0.005683,1.000,1.0
orbit_0.1deg,185,25161,25025,136,0,0,0.005405,0.005405,1.000,1.0
orbit_0.1deg,186,25161,25039,122,0,0,0.004849,0.004849,1.000,1.0
orbit_0.1deg,187,25161,25027,134,0,0,0.005326,0.005326,1.000,1.0
orbit_0.1deg,188,25161,25025,136,0,0,0.005405,0.005405,1.000,1.0
orbit_0.1deg,189,25161,25044,117,0,0,0.004650,0.004650,1.000,1.0
orbit_0.1deg,190,25161,25030,131,0,0,0.005206,0.005206,1.000,1.0
orbit_0.1deg,191,25161,25034,127,0,0,0.005047,0.005047,1.000,1.0
orbit_0.1deg,192,25161,25040,121,0,0,0.004809,0.004809,1.000,1.0
orbit_0.1deg,193,25161,25054,107,0,0,0.004253,0.004253,1.000,1.0
orbit_0.1deg,194,25161,25031,130,0,0,0.005167,0.005167,1.000,1.0
orbit_0.1deg,195,25161,25067,94,0,0,0.003736,0.003736,1.000,1.0
orbit_0.1deg,196,25161,25047,114,0,0,0.004531,0.004531,1.000,1.0
orbit_0.1deg,197,25161,25038,123,0,0,0.004889,0.004889,1.000,1.0
orbit_0.1deg,198,25161,25039,122,0,0,0.004849,0.004849,1.000,1.0
orbit_0.1deg,199,25161,25022,139,0,0,0.005524,0.005524,1.000,1.0
orbit_0.1deg,200,25161,25061,100,0,0,0.003974,0.003974,1.000,1.0
orbit_0.1deg,201,25161,25068,93,0,0,0.003696,0.003696,1.000,1.0
orbit_0.1deg,202,25161,25047,114,0,0,0.004531,0.004531,1.000,1.0
orbit_0.1deg,203,25161,25048,113,0,0,0.004491,0.004491,1.000,1.0
orbit_0.1deg,204,25161,25030,131,0,0,0.005206,0.005206,1.000,1.0
orbit_0.1deg,205,25161,25045,116,0,0,0.004610,0.004610,1.000,1.0
orbit_0.1deg,206,25161,25040,121,0,0,0.004809,0.004809,1.000,1.0
orbit_0.1deg,207,25161,25027,134,0,0,0.005326,0.005326,1.000,1.0
orbit_0.1deg,208,25161,25040,121,0,0,0.004809,0.004809,1.000,1.0
orbit_0.1deg,209,25161,25058,103,0,0,0.004094,0.004094,1.000,1.0
orbit_0.1deg,210,25161,25047,114,0,0,0.004531,0.004531,1.000,1.0
orbit_0.1deg,211,25161,25051,110,0,0,0.004372,0.004372,1.000,1.0
orbit_0.1deg,212,25161,25041,120,0,0,0.004769,0.004769,1.000,1.0
orbit_0.1deg,213,25161,25048,113,0,0,0.004491,0.004491,1.000,1.0
orbit_0.1deg,214,25161,25047,114,0,0,0.004531,0.004531,1.000,1.0
orbit_0.1deg,215,25161,25043,118,0,0,0.004690,0.004690,1.000,1.0
orbit_0.1deg,216,25161,25031,130,0,0,0.005167,0.005167,1.000,1.0
orbit_0.1deg,217,25161,25015,146,0,0,0.005803,0.005803,1.000,1.0
orbit_0.1deg,218,25161,25044,117,0,0,0.004650,0.004650,1.000,1.0
orbit_0.1deg,219,25161,25055,106,0,0,0.004213,0.004213,1.000,1.0
orbit_0.1deg,220,25161,25043,118,0,0,0.004690,0.004690,1.000,1.0
orbit_0.1deg,221,25161,25069,92,0,0,0.003656,0.003656,1.000,1.0
orbit_0.1deg,222,25161,25044,117,0,0,0.004650,0.004650,1.000,1.0
orbit_0.1deg,223,25161,25045,116,0,0,0.004610,0.004610,1.000,1.0
orbit_0.1deg,224,25161,25037,124,0,0,0.004928,0.004928,1.000,1.0
orbit_0.1deg,225,25161,25027,134,0,0,0.005326,0.005326,1.000,1.0
orbit_0.1deg,226,25161,25033,128,0,0,0.005087,0.005087,1.000,1.0
orbit_0.1deg,227,25161,25034,127,0,0,0.005047,0.005047,1.000,1.0
orbit_0.1deg,228,25161,25028,133,0,0,0.005286,0.005286,1.000,1.0
orbit_0.1deg,229,25161,25047,114,0,0,0.004531,0.004531,1.000,1.0
orbit_0.1deg,230,25161,25017,144,0,0,0.005723,0.005723,1.000,1.0
orbit_0.1deg,231,25161,25014,147,0,0,0.005842,0.005842,1.000,1.0
orbit_0.1deg,232,25161,25014,147,0,0,0.005842,0.005842,1.000,1.0
orbit_0.1deg,233,25161,25030,131,0,0,0.005206,0.005206,1.000,1.0
orbit_0.1deg,234,25161,25036,125,0,0,0.004968,0.004968,1.000,1.0
orbit_0.1deg,235,25161,25042,119,0,0,0.004730,0.004730,1.000,1.0
orbit_0.1deg,236,25161,25037,124,0,0,0.004928,0.004928,1.000,1.0
orbit_0.1deg,237,25161,25019,142,0,0,0.005644,0.005644,1.000,1.0
orbit_0.1deg,238,25161,25045,116,0,0,0.004610,0.004610,1.000,1.0
orbit_0.1deg,239,25161,25046,115,0,0,0.004571,0.004571,1.000,1.0
orbit_0.1deg,240,25161,25032,129,0,0,0.005127,0.005127,1.000,1.0
orbit_0.1deg,241,25161,25015,146,0,0,0.005803,0.005803,1.000,1.0
orbit_0.1deg,242,25161,25049,112,0,0,0.004451,0.004451,1.000,1.0
orbit_0.1deg,243,25161,25025,136,0,0,0.005405,0.005405,1.000,1.0
orbit_0.1deg,244,25161,25036,125,0,0,0.004968,0.004968,1.000,1.0
orbit_0.1deg,245,25161,25029,132,0,0,0.005246,0.005246,1.000,1.0
orbit_0.1deg,246,25161,25045,116,0,0,0.004610,0.004610,1.000,1.0
orbit_0.1deg,247,25161,25033,128,0,0,0.005087,0.005087,1.000,1.0
orbit_0.1deg,248,25161,25044,117,0,0,0.004650,0.004650,1.000,1.0
orbit_0.1deg,249,25161,25051,110,0,0,0.004372,0.004372,1.000,1.0
orbit_0.1deg,250,25161,25043,118,0,0,0.004690,0.004690,1.000,1.0
orbit_0.1deg,251,25161,25034,127,0,0,0.005047,0.005047,1.000,1.0
orbit_0.1deg,252,25161,25050,111,0,0,0.004412,0.004412,1.000,1.0
orbit_0.1deg,253,25161,25053,108,0,0,0.004292,0.004292,1.000,1.0
orbit_0.1deg,254,25161,25043,118,0,0,0.004690,0.004690,1.000,1.0
orbit_0.1deg,255,25161,25047,114,0,0,0.004531,0.004531,1.000,1.0
orbit_0.1deg,256,25161,25055,106,0,0,0.004213,0.004213,1.000,1.0
orbit_0.1deg,257,25161,25028,133,0,0,0.005286,0.005286,1.000,1.0
orbit_0.1deg,258,25161,25050,111,0,0,0.004412,0.004412,1.000,1.0
orbit_0.1deg,259,25161,25065,96,0,0,0.003815,0.003815,1.000,1.0
orbit_0.1deg,260,25161,25074,87,0,0,0.003458,0.003458,1.000,1.0
orbit_0.1deg,261,25161,25073,88,0,0,0.003497,0.003497,1.000,1.0
orbit_0.1deg,262,25161,25067,94,0,0,0.003736,0.003736,1.000,1.0
orbit_0.1deg,263,25161,25086,75,0,0,0.002981,0.002981,1.000,1.0
orbit_0.1deg,264,25161,25063,98,0,0,0.003895,0.003895,1.000,1.0
orbit_0.1deg,265,25161,25084,77,0,0,0.003060,0.003060,1.000,1.0
orbit_0.1deg,266,25161,25070,91,0,0,0.003617,0.003617,1.000,1.0
orbit_0.1deg,267,25161,25046,115,0,0,0.004571,0.004571,1.000,1.0
orbit_0.1deg,268,25161,25057,104,0,0,0.004133,0.004133,1.000,1.0
orbit_0.1deg,269,25161,25059,102,0,0,0.004054,0.004054,1.000,1.0
orbit_0.1deg,270,25161,25060,101,0,0,0.004014,0.004014,1.000,1.0
orbit_0.1deg,271,25161,25041,120,0,0,0.004769,0.004769,1.000,1.0
orbit_0.1deg,272,25161,25046,115,0,0,0.004571,0.004571,1.009,1.0
orbit_0.1deg,273,25161,25021,140,0,0,0.005564,0.005564,1.000,1.0
orbit_0.1deg,274,25161,25047,114,0,0,0.004531,0.004531,1.000,1.0
orbit_0.1deg,275,25161,25021,140,0,0,0.005564,0.005564,1.000,1.0
orbit_0.1deg,276,25161,25007,154,0,0,0.006121,0.006121,1.000,1.0
orbit_0.1deg,277,25161,24984,177,0,0,0.007035,0.007035,1.000,1.0
orbit_0.1deg,278,25161,24955,206,0,0,0.008187,0.008187,1.000,1.0
orbit_0.1deg,279,25161,24941,220,0,0,0.008744,0.008744,1.000,1.0
orbit_0.1deg,280,25161,24935,226,0,0,0.008982,0.008982,1.000,1.0
orbit_0.1deg,281,25161,24959,202,0,0,0.008028,0.008028,1.000,1.0
orbit_0.1deg,282,25161,24949,212,0,0,0.008426,0.008426,1.000,1.0
orbit_0.1deg,283,25161,24980,181,0,0,0.007194,0.007194,1.006,1.0
orbit_0.1deg,284,25161,24975,186,0,0,0.007392,0.007392,1.000,1.0
orbit_0.1deg,285,25161,24985,176,0,0,0.006995,0.006995,1.000,1.0
orbit_0.1deg,286,25161,24997,164,0,0,0.006518,0.006518,1.000,1.0
orbit_0.1deg,287,25161,24979,182,0,0,0.007233,0.007233,1.000,1.0
orbit_0.1deg,288,25161,24976,185,0,0,0.007353,0.007353,1.000,1.0
orbit_0.1deg,289,25161,24933,228,0,0,0.009062,0.009062,1.000,1.0
orbit_0.1deg,290,25161,24970,191,0,0,0.007591,0.007591,1.000,1.0
orbit_0.1deg,291,25161,24959,202,0,0,0.008028,0.008028,1.000,1.0
orbit_0.1deg,292,25161,24997,164,0,0,0.006518,0.006518,1.000,1.0
orbit_0.1deg,293,25161,24965,196,0,0,0.007790,0.007790,1.000,1.0
orbit_0.1deg,294,25161,25008,153,0,0,0.006081,0.006081,1.000,1.0
orbit_0.1deg,295,25161,24987,174,0,0,0.006915,0.006915,1.000,1.0
orbit_0.1deg,296,25161,25000,161,0,0,0.006399,0.006399,1.000,1.0
orbit_0.1deg,297,25161,25005,156,0,0,0.006200,0.006200,1.000,1.0
orbit_0.1deg,298,25161,25001,160,0,0,0.006359,0.006359,1.000,1.0
orbit_0.1deg,299,25161,25015,146,0,0,0.005803,0.005803,1.000,1.0
orbit_0.5deg,0,25161,0,0,25161,0,0.000000,1.000000,0.000,0.0
orbit_0.5deg,1,25161,24538,623,0,0,0.024761,0.024761,1.000,1.0
orbit_0.5deg,2,25161,24497,664,0,0,0.026390,0.026390,1.002,1.0
orbit_0.5deg,3,25161,24502,659,0,0,0.026191,0.026191,1.000,1.0
orbit_0.5deg,4,25161,24500,661,0,0,0.026271,0.026271,1.003,1.0
orbit_0.5deg,5,25161,24557,604,0,0,0.024005,0.024005,1.003,1.0
orbit_0.5deg,6,25161,24600,561,0,0,0.022296,0.022296,1.005,1.0
orbit_0.5deg,7,25161,24556,605,0,0,0.024045,0.024045,1.005,1.0
orbit_0.5deg,8,25161,24453,708,0,0,0.028139,0.028139,1.003,1.0
orbit_0.5deg,9,25161,24505,656,0,0,0.026072,0.026072,1.002,1.0
orbit_0.5deg,10,25161,24632,529,0,0,0.021025,0.021025,1.004,1.0
orbit_0.5deg,11,25161,24531,630,0,0,0.025039,0.025039,1.003,1.0
orbit_0.5deg,12,25161,24587,574,0,0,0.022813,0.022813,1.003,1.0
orbit_0.5deg,13,25161,24518,643,0,0,0.025555,0.025555,1.000,1.0
orbit_0.5deg,14,25161,24571,590,0,0,0.023449,0.023449,1.003,1.0
orbit_0.5deg,15,25161,24536,625,0,0,0.024840,0.024840,1.000,1.0
orbit_0.5deg,16,25161,24470,691,0,0,0.027463,0.027463,1.000,1.0
orbit_0.5deg,17,25161,24548,613,0,0,0.024363,0.024363,1.000,1.0
orbit_0.5deg,18,25161,24570,591,0,0,0.023489,0.023489,1.002,1.0
orbit_0.5deg,19,25161,24549,612,0,0,0.024323,0.024323,1.002,1.0
orbit_0.5deg,20,25161,24437,724,0,0,0.028775,0.028775,1.000,1.0
orbit_0.5deg,21,25161,24095,1066,0,0,0.042367,0.042367,1.002,1.0
orbit_0.5deg,22,25161,24200,961,0,0,0.038194,0.038194,1.000,1.0
orbit_0.5deg,23,25161,24188,973,0,0,0.038671,0.038671,1.001,1.0
orbit_0.5deg,24,25161,24407,754,0,0,0.029967,0.029967,1.000,1.0
orbit_0.5deg,25,25161,24379,782,0,0,0.031080,0.031080,1.001,1.0
orbit_0.5deg,26,25161,24237,924,0,0,0.036724,0.036724,1.001,1.0
orbit_0.5deg,27,25161,24348,813,0,0,0.032312,0.032312,1.000,1.0
orbit_0.5deg,28,25161,24480,681,0,0,0.027066,0.027066,1.000,1.0
orbit_0.5deg,29,25161,24412,749,0,0,0.029768,0.029768,1.000,1.0
orbit_0.5deg,30,25161,24386,775,0,0,0.030802,0.030802,1.000,1.0
orbit_0.5deg,31,25161,24343,818,0,0,0.032511,0.032511,1.001,1.0
orbit_0.5deg,32,25161,24188,973,0,0,0.038671,0.038671,1.000,1.0
orbit_0.5deg,33,25161,24415,746,0,0,0.029649,0.029649,1.001,1.0
orbit_0.5deg,34,25161,24456,705,0,0,0.028020,0.028020,1.000,1.0
orbit_0.5deg,35,25161,24448,713,0,0,0.028338,0.028338,1.001,1.0
orbit_0.5deg,36,25161,24507,654,0,0,0.025993,0.025993,1.000,1.0
orbit_0.5deg,37,25161,24490,671,0,0,0.026668,0.026668,1.001,1.0
orbit_0.5deg,38,25161,24522,639,0,0,0.025396,0.025396,1.002,1.0
orbit_0.5deg,39,25161,24582,579,0,0,0.023012,0.023012,1.000,1.0
orbit_0.5deg,40,25161,24564,597,0,0,0.023727,0.023727,1.002,1.0
orbit_0.5deg,41,25161,24594,567,0,0,0.022535,0.022535,1.000,1.0
orbit_0.5deg,42,25161,24568,593,0,0,0.023568,0.023568,1.000,1.0
orbit_0.5deg,43,25161,24586,575,0,0,0.022853,0.022853,1.000,1.0
orbit_0.5deg,44,25161,24545,616,0,0,0.024482,0.024482,1.002,1.0
orbit_0.5deg,45,25161,24578,583,0,0,0.023171,0.023171,1.000,1.0
orbit_0.5deg,46,25161,24515,646,0,0,0.025675,0.025675,1.000,1.0
orbit_0.5deg,47,25161,24493,668,0,0,0.026549,0.026549,1.001,1.0
orbit_0.5deg,48,25161,24535,626,0,0,0.024880,0.024880,1.000,1.0
orbit_0.5deg,49,25161,24510,651,0,0,0.025873,0.025873,1.000,1.0
orbit_0.5deg,50,25161,24572,589,0,0,0.023409,0.023409,1.000,1.0
orbit_0.5deg,51,25161,24583,578,0,0,0.022972,0.022972,1.000,1.0
orbit_0.5deg,52,25161,24628,533,0,0,0.021184,0.021184,1.000,1.0
orbit_0.5deg,53,25161,24729,432,0,0,0.017169,0.017169,1.000,1.0
orbit_0.5deg,54,25161,24648,513,0,0,0.020389,0.020389,1.000,1.0
orbit_0.5deg,55,25161,24533,628,0,0,0.024959,0.024959,1.003,1.0
orbit_0.5deg,56,25161,24178,983,0,0,0.039068,0.039068,1.000,1.0
orbit_0.5deg,57,25161,24206,955,0,0,0.037956,0.037956,1.003,1.0
orbit_0.5deg,58,25161,24211,950,0,0,0.037757,0.037757,1.000,1.0
orbit_0.5deg,59,25161,24273,888,0,0,0.035293,0.035293,1.001,1.0
orbit_0.5deg,60,25161,24366,795,0,0,0.031597,0.031597,1.001,1.0
orbit_0.5deg,61,25161,24399,762,0,0,0.030285,0.030285,1.001,1.0
orbit_0.5deg,62,25161,24429,732,0,0,0.029093,0.029093,1.001,1.0
orbit_0.5deg,63,25161,24440,721,0,0,0.028655,0.028655,1.000,1.0
orbit_0.5deg,64,25161,24350,811,0,0,0.032232,0.032232,1.002,1.0
orbit_0.5deg,65,25161,24281,880,0,0,0.034975,0.034975,1.002,1.0
orbit_0.5deg,66,25161,24321,840,0,0,0.033385,0.033385,1.001,1.0
orbit_0.5deg,67,25161,24385,776,0,0,0.030841,0.030841,1.001,1.0
orbit_0.5deg,68,25161,24382,779,0,0,0.030961,0.030961,1.004,1.0
orbit_0.5deg,69,25161,24357,804,0,0,0.031954,0.031954,1.001,1.0
orbit_0.5deg,70,25161,24401,760,0,0,0.030205,0.030205,1.004,1.0
orbit_0.5deg,71,25161,24402,759,0,0,0.030166,0.030166,1.001,1.0
orbit_0.5deg,72,25161,24442,719,0,0,0.028576,0.028576,1.003,1.0
orbit_0.5deg,73,25161,24483,678,0,0,0.026946,0.026946,1.004,1.0
orbit_0.5deg,74,25161,24541,620,0,0,0.024641,0.024641,1.003,1.0
orbit_0.5deg,75,25161,24643,518,0,0,0.020587,0.020587,1.006,1.0
orbit_0.5deg,76,25161,24635,526,0,0,0.020905,0.020905,1.002,1.0
orbit_0.5deg,77,25161,24574,587,0,0,0.023330,0.023330,1.000,1.0
orbit_0.5deg,78,25161,24518,643,0,0,0.025555,0.025555,1.003,1.0
orbit_0.5deg,79,25161,24479,682,0,0,0.027105,0.027105,1.001,1.0
orbit_0.5deg,80,25161,24537,624,0,0,0.024800,0.024800,1.000,1.0
orbit_0.5deg,81,25161,24516,645,0,0,0.025635,0.025635,1.000,1.0
orbit_0.5deg,82,25161,24512,649,0,0,0.025794,0.025794,1.000,1.0
orbit_0.5deg,83,25161,24454,707,0,0,0.028099,0.028099,1.000,1.0
orbit_0.5deg,84,25161,24452,709,0,0,0.028179,0.028179,1.000,1.0
orbit_0.5deg,85,25161,24542,619,0,0,0.024602,0.024602,1.003,1.0
orbit_0.5deg,86,25161,24520,641,0,0,0.025476,0.025476,1.002,1.0
orbit_0.5deg,87,25161,24628,533,0,0,0.021184,0.021184,1.002,1.0
orbit_0.5deg,88,25161,24656,505,0,0,0.020071,0.020071,1.000,1.0
orbit_0.5deg,89,25161,24648,513,0,0,0.020389,0.020389,1.006,1.0
orbit_0.5deg,90,25161,24674,487,0,0,0.019355,0.019355,1.000,1.0
orbit_0.5deg,91,25161,24485,676,0,0,0.026867,0.026867,1.003,1.0
orbit_0.5deg,92,25161,24073,1088,0,0,0.043242,0.043242,1.004,1.0
orbit_0.5deg,93,25161,24194,967,0,0,0.038432,0.038432,1.000,1.0
orbit_0.5deg,94,25161,24278,883,0,0,0.035094,0.035094,1.000,1.0
orbit_0.5deg,95,25161,24363,798,0,0,0.031716,0.031716,1.000,1.0
orbit_0.5deg,96,25161,24333,828,0,0,0.032908,0.032908,1.001,1.0
orbit_0.5deg,97,25161,24353,808,0,0,0.032113,0.032113,1.006,1.0
orbit_0.5deg,98,25161,24392,769,0,0,0.030563,0.030563,1.004,1.0
orbit_0.5deg,99,25161,24314,847,0,0,0.033663,0.033663,1.004,1.0
orbit_0.5deg,100,25161,24321,840,0,0,0.033385,0.033385,1.002,1.0
orbit_0.5deg,101,25161,24403,758,0,0,0.030126,0.030126,1.001,1.0
orbit_0.5deg,102,25161,24424,737,0,0,0.029291,0.029291,1.004,1.0
orbit_0.5deg,103,25161,24509,652,0,0,0.025913,0.025913,1.002,1.0
orbit_0.5deg,104,25161,24585,576,0,0,0.022893,0.022893,1.002,1.0
orbit_0.5deg,105,25161,24493,668,0,0,0.026549,0.026549,1.001,1.0
orbit_0.5deg,106,25161,24430,731,0,0,0.029053,0.029053,1.003,1.0
orbit_0.5deg,107,25161,24505,656,0,0,0.026072,0.026072,1.006,1.0
orbit_0.5deg,108,25161,24471,690,0,0,0.027423,0.027423,1.006,1.0
orbit_0.5deg,109,25161,24454,707,0,0,0.028099,0.028099,1.007,1.0
orbit_0.5deg,110,25161,24483,678,0,0,0.026946,0.026946,1.009,1.0
orbit_0.5deg,111,25161,24499,662,0,0,0.026311,0.026311,1.005,1.0
orbit_0.5deg,112,25161,24506,655,0,0,0.026032,0.026032,1.003,1.0
orbit_0.5deg,113,25161,24579,582,0,0,0.023131,0.023131,1.005,1.0
orbit_0.5deg,114,25161,24518,643,0,0,0.025555,0.025555,1.005,1.0
orbit_0.5deg,115,25161,24483,678,0,0,0.026946,0.026946,1.003,1.0
orbit_0.5deg,116,25161,24432,729,0,0,0.028973,0.028973,1.000,1.0
orbit_0.5deg,117,25161,24417,744,0,0,0.029570,0.029570,1.001,1.0
orbit_0.5deg,118,25161,24436,725,0,0,0.028814,0.028814,1.010,1.0
orbit_0.5deg,119,25161,24571,590,0,0,0.023449,0.023449,1.008,1.0
orbit_0.5deg,120,25161,24618,543,0,0,0.021581,0.021581,1.006,1.0
orbit_0.5deg,121,25161,24587,574,0,0,0.022813,0.022813,1.003,1.0
orbit_0.5deg,122,25161,24553,608,0,0,0.024164,0.024164,1.008,1.0
orbit_0.5deg,123,25161,24526,635,0,0,0.025237,0.025237,1.002,1.0
orbit_0.5deg,124,25161,24483,678,0,0,0.026946,0.026946,1.001,1.0
orbit_0.5deg,125,25161,24562,599,0,0,0.023807,0.023807,1.005,1.0
orbit_0.5deg,126,25161,24554,607,0,0,0.024125,0.024125,1.002,1.0
orbit_0.5deg,127,25161,24530,631,0,0,0.025078,0.025078,1.006,1.0
orbit_0.5deg,128,25161,24351,810,0,0,0.032193,0.032193,1.005,1.0
orbit_0.5deg,129,25161,24114,1047,0,0,0.041612,0.041612,1.003,1.0
orbit_0.5deg,130,25161,24189,972,0,0,0.038631,0.038631,1.002,1.0
orbit_0.5deg,131,25161,24322,839,0,0,0.033345,0.033345,1.002,1.0
orbit_0.5deg,132,25161,24474,687,0,0,0.027304,0.027304,1.007,1.0
orbit_0.5deg,133,25161,24485,676,0,0,0.026867,0.026867,1.003,1.0
orbit_0.5deg,134,25161,24384,777,0,0,0.030881,0.030881,1.005,1.0
orbit_0.5deg,135,25161,24340,821,0,0,0.032630,0.032630,1.002,1.0
orbit_0.5deg,136,25161,24442,719,0,0,0.028576,0.028576,1.001,1.0
orbit_0.5deg,137,25161,24405,756,0,0,0.030047,0.030047,1.000,1.0
orbit_0.5deg,138,25161,24421,740,0,0,0.029411,0.029411,1.009,1.0
orbit_0.5deg,139,25161,24412,749,0,0,0.029768,0.029768,1.008,1.0
orbit_0.5deg,140,25161,24410,751,0,0,0.029848,0.029848,1.004,1.0
orbit_0.5deg,141,25161,24499,662,0,0,0.026311,0.026311,1.008,1.0
orbit_0.5deg,142,25161,24511,650,0,0,0.025834,0.025834,1.008,1.0
orbit_0.5deg,143,25161,24442,719,0,0,0.028576,0.028576,1.008,1.0
orbit_0.5deg,144,25161,24481,680,0,0,0.027026,0.027026,1.007,1.0
orbit_0.5deg,145,25161,24508,653,0,0,0.025953,0.025953,1.002,1.0
orbit_0.5deg,146,25161,24566,595,0,0,0.023648,0.023648,1.002,1.0
orbit_0.5deg,147,25161,24613,548,0,0,0.021780,0.021780,1.015,1.0
orbit_0.5deg,148,25161,24704,457,0,0,0.018163,0.018163,1.000,1.0
orbit_0.5deg,149,25161,24675,486,0,0,0.019316,0.019316,1.006,1.0
orbit_0.5deg,150,25161,24682,479,0,0,0.019037,0.019037,1.000,1.0
orbit_0.5deg,151,25161,24716,445,0,0,0.017686,0.017686,1.000,1.0
orbit_0.5deg,152,25161,24645,516,0,0,0.020508,0.020508,1.004,1.0
orbit_0.5deg,153,25161,24732,429,0,0,0.017050,0.017050,1.000,1.0
orbit_0.5deg,154,25161,24736,425,0,0,0.016891,0.016891,1.002,1.0
orbit_0.5deg,155,25161,24669,492,0,0,0.019554,0.019554,1.002,1.0
orbit_0.5deg,156,25161,24547,614,0,0,0.024403,0.024403,1.005,1.0
orbit_0.5deg,157,25161,24532,629,0,0,0.024999,0.024999,1.008,1.0
orbit_0.5deg,158,25161,24487,674,0,0,0.026787,0.026787,1.007,1.0
orbit_0.5deg,159,25161,24488,673,0,0,0.026748,0.026748,1.006,1.0
orbit_0.5deg,160,25161,24545,616,0,0,0.024482,0.024482,1.002,1.0
orbit_0.5deg,161,25161,24544,617,0,0,0.024522,0.024522,1.002,1.0
orbit_0.5deg,162,25161,24613,548,0,0,0.021780,0.021780,1.000,1.0
orbit_0.5deg,163,25161,24630,531,0,0,0.021104,0.021104,1.002,1.0
orbit_0.5deg,164,25161,24601,560,0,0,0.022257,0.022257,1.005,1.0
orbit_0.5deg,165,25161,24683,478,0,0,0.018998,0.018998,1.004,1.0
orbit_0.5deg,166,25161,24594,567,0,0,0.022535,0.022535,1.000,1.0
orbit_0.5deg,167,25161,24565,596,0,0,0.023687,0.023687,1.003,1.0
orbit_0.5deg,168,25161,24595,566,0,0,0.022495,0.022495,1.002,1.0
orbit_0.5deg,169,25161,24535,626,0,0,0.024880,0.024880,1.003,1.0
orbit_0.5deg,170,25161,24470,691,0,0,0.027463,0.027463,1.000,1.0
orbit_0.5deg,171,25161,24362,799,0,0,0.031755,0.031755,1.003,1.0
orbit_0.5deg,172,25161,24236,925,0,0,0.036763,0.036763,1.001,1.0
orbit_0.5deg,173,25161,24246,915,0,0,0.036366,0.036366,1.002,1.0
orbit_0.5deg,174,25161,24493,668,0,0,0.026549,0.026549,1.000,1.0
orbit_0.5deg,175,25161,24563,598,0,0,0.023767,0.023767,1.000,1.0
orbit_0.5deg,176,25161,24687,474,0,0,0.018839,0.018839,1.000,1.0
orbit_0.5deg,177,25161,24642,519,0,0,0.020627,0.020627,1.002,1.0
orbit_0.5deg,178,25161,24646,515,0,0,0.020468,0.020468,1.002,1.0
orbit_0.5deg,179,25161,24641,520,0,0,0.020667,0.020667,1.000,1.0
orbit_0.5deg,180,25161,24690,471,0,0,0.018719,0.018719,1.004,1.0
orbit_0.5deg,181,25161,24660,501,0,0,0.019912,0.019912,1.000,1.0
orbit_0.5deg,182,25161,24573,588,0,0,0.023370,0.023370,1.000,1.0
orbit_0.5deg,183,25161,24587,574,0,0,0.022813,0.022813,1.002,1.0
orbit_0.5deg,184,25161,24502,659,0,0,0.026191,0.026191,1.003,1.0
orbit_0.5deg,185,25161,24534,627,0,0,0.024920,0.024920,1.003,1.0
orbit_0.5deg,186,25161,24596,565,0,0,0.022455,0.022455,1.004,1.0
orbit_0.5deg,187,25161,24579,582,0,0,0.023131,0.023131,1.005,1.0
orbit_0.5deg,188,25161,24577,584,0,0,0.023211,0.023211,1.007,1.0
orbit_0.5deg,189,25161,24539,622,0,0,0.024721,0.024721,1.005,1.0
orbit_0.5deg,190,25161,24475,686,0,0,0.027264,0.027264,1.000,1.0
orbit_0.5deg,191,25161,24509,652,0,0,0.025913,0.025913,1.002,1.0
orbit_0.5deg,192,25161,24551,610,0,0,0.024244,0.024244,1.000,1.0
orbit_0.5deg,193,25161,24478,683,0,0,0.027145,0.027145,1.001,1.0
orbit_0.5deg,194,25161,24544,617,0,0,0.024522,0.024522,1.005,1.0
orbit_0.5deg,195,25161,24583,578,0,0,0.022972,0.022972,1.000,1.0
orbit_0.5deg,196,25161,24569,592,0,0,0.023528,0.023528,1.003,1.0
orbit_0.5deg,197,25161,24631,530,0,0,0.021064,0.021064,1.006,1.0
orbit_0.5deg,198,25161,24669,492,0,0,0.019554,0.019554,1.000,1.0
orbit_0.5deg,199,25161,24658,503,0,0,0.019991,0.019991,1.002,1.0
orbit_0.5deg,200,25161,24681,480,0,0,0.019077,0.019077,1.002,1.0
orbit_0.5deg,201,25161,24686,475,0,0,0.018878,0.018878,1.002,1.0
orbit_0.5deg,202,25161,24721,440,0,0,0.017487,0.017487,1.000,1.0
orbit_0.5deg,203,25161,24715,446,0,0,0.017726,0.017726,1.004,1.0
orbit_0.5deg,204,25161,24768,393,0,0,0.015619,0.015619,1.003,1.0
orbit_0.5deg,205,25161,24761,400,0,0,0.015898,0.015898,1.000,1.0
orbit_0.5deg,206,25161,24822,339,0,0,0.013473,0.013473,1.000,1.0
orbit_0.5deg,207,25161,24809,352,0,0,0.013990,0.013990,1.000,1.0
orbit_0.5deg,208,25161,24811,350,0,0,0.013910,0.013910,1.000,1.0
orbit_0.5deg,209,25161,24786,375,0,0,0.014904,0.014904,1.000,1.0
orbit_0.5deg,210,25161,24778,383,0,0,0.015222,0.015222,1.000,1.0
orbit_0.5deg,211,25161,24737,424,0,0,0.016851,0.016851,1.000,1.0
orbit_0.5deg,212,25161,24757,404,0,0,0.016057,0.016057,1.000,1.0
orbit_0.5deg,213,25161,24699,462,0,0,0.018362,0.018362,1.002,1.0
orbit_0.5deg,214,25161,24672,489,0,0,0.019435,0.019435,1.002,1.0
orbit_0.5deg,215,25161,24711,450,0,0,0.017885,0.017885,1.009,1.0
orbit_0.5deg,216,25161,24740,421,0,0,0.016732,0.016732,1.000,1.0
orbit_0.5deg,217,25161,24746,415,0,0,0.016494,0.016494,1.002,1.0
orbit_0.5deg,218,25161,24785,376,0,0,0.014944,0.014944,1.003,1.0
orbit_0.5deg,219,25161,24803,358,0,0,0.014228,0.014228,1.000,1.0
orbit_0.5deg,220,25161,24808,353,0,0,0.014030,0.014030,1.000,1.0
orbit_0.5deg,221,25161,24773,388,0,0,0.015421,0.015421,1.000,1.0
orbit_0.5deg,222,25161,24812,349,0,0,0.013871,0.013871,1.003,1.0
orbit_0.5deg,223,25161,24817,344,0,0,0.013672,0.013672,1.000,1.0
orbit_0.5deg,224,25161,24801,360,0,0,0.014308,0.014308,1.000,1.0
orbit_0.5deg,225,25161,24742,419,0,0,0.016653,0.016653,1.000,1.0
orbit_0.5deg,226,25161,24778,383,0,0,0.015222,0.015222,1.003,1.0
orbit_0.5deg,227,25161,24767,394,0,0,0.015659,0.015659,1.000,1.0
orbit_0.5deg,228,25161,24731,430,0,0,0.017090,0.017090,1.000,1.0
orbit_0.5deg,229,25161,24673,488,0,0,0.019395,0.019395,1.000,1.0
orbit_0.5deg,230,25161,24723,438,0,0,0.017408,0.017408,1.002,1.0
orbit_0.5deg,231,25161,24736,425,0,0,0.016891,0.016891,1.007,1.0
orbit_0.5deg,232,25161,24679,482,0,0,0.019157,0.019157,1.004,1.0
orbit_0.5deg,233,25161,24695,466,0,0,0.018521,0.018521,1.004,1.0
orbit_0.5deg,234,25161,24648,513,0,0,0.020389,0.020389,1.000,1.0
orbit_0.5deg,235,25161,24691,470,0,0,0.018680,0.018680,1.002,1.0
orbit_0.5deg,236,25161,24657,504,0,0,0.020031,0.020031,1.002,1.0
orbit_0.5deg,237,25161,24644,517,0,0,0.020548,0.020548,1.002,1.0
orbit_0.5deg,238,25161,24632,529,0,0,0.021025,0.021025,1.000,1.0
orbit_0.5deg,239,25161,24669,492,0,0,0.019554,0.019554,1.002,1.0
orbit_0.5deg,240,25161,24658,503,0,0,0.019991,0.019991,1.002,1.0
orbit_0.5deg,241,25161,24728,433,0,0,0.017209,0.017209,1.007,1.0
orbit_0.5deg,242,25161,24683,478,0,0,0.018998,0.018998,1.006,1.0
orbit_0.5deg,243,25161,24658,503,0,0,0.019991,0.019991,1.000,1.0
orbit_0.5deg,244,25161,24719,442,0,0,0.017567,0.017567,1.002,1.0
orbit_0.5deg,245,25161,24734,427,0,0,0.016971,0.016971,1.000,1.0
orbit_0.5deg,246,25161,24710,451,0,0,0.017925,0.017925,1.000,1.0
orbit_0.5deg,247,25161,24720,441,0,0,0.017527,0.017527,1.002,1.0
orbit_0.5deg,248,25161,24707,454,0,0,0.018044,0.018044,1.000,1.0
orbit_0.5deg,249,25161,24735,426,0,0,0.016931,0.016931,1.002,1.0
orbit_0.5deg,250,25161,24727,434,0,0,0.017249,0.017249,1.000,1.0
orbit_0.5deg,251,25161,24659,502,0,0,0.019952,0.019952,1.006,1.0
orbit_0.5deg,252,25161,24759,402,0,0,0.015977,0.015977,1.000,1.0
orbit_0.5deg,253,25161,24713,448,0,0,0.017805,0.017805,1.002,1.0
orbit_0.5deg,254,25161,24722,439,0,0,0.017448,0.017448,1.000,1.0
orbit_0.5deg,255,25161,24640,521,0,0,0.020707,0.020707,1.004,1.0
orbit_0.5deg,256,25161,24732,429,0,0,0.017050,0.017050,1.002,1.0
orbit_0.5deg,257,25161,24774,387,0,0,0.015381,0.015381,1.000,1.0
orbit_0.5deg,258,25161,24773,388,0,0,0.015421,0.015421,1.003,1.0
orbit_0.5deg,259,25161,24772,389,0,0,0.015460,0.015460,1.003,1.0
orbit_0.5deg,260,25161,24769,392,0,0,0.015580,0.015580,1.003,1.0
orbit_0.5deg,261,25161,24749,412,0,0,0.016375,0.016375,1.005,1.0
orbit_0.5deg,262,25161,24746,415,0,0,0.016494,0.016494,1.002,1.0
orbit_0.5deg,263,25161,24693,468,0,0,0.018600,0.018600,1.004,1.0
orbit_0.5deg,264,25161,24608,553,0,0,0.021978,0.021978,1.004,1.0
orbit_0.5deg,265,25161,24608,553,0,0,0.021978,0.021978,1.004,1.0
orbit_0.5deg,266,25161,24565,596,0,0,0.023687,0.023687,1.000,1.0
orbit_0.5deg,267,25161,24608,553,0,0,0.021978,0.021978,1.005,1.0
orbit_0.5deg,268,25161,24651,510,0,0,0.020269,0.020269,1.008,1.0
orbit_0.5deg,269,25161,24578,583,0,0,0.023171,0.023171,1.007,1.0
orbit_0.5deg,270,25161,24549,612,0,0,0.024323,0.024323,1.000,1.0
orbit_0.5deg,271,25161,24561,600,0,0,0.023846,0.023846,1.003,1.0
orbit_0.5deg,272,25161,24570,591,0,0,0.023489,0.023489,1.000,1.0
orbit_0.5deg,273,25161,24450,711,0,0,0.028258,0.028258,1.001,1.0
orbit_0.5deg,274,25161,24485,676,0,0,0.026867,0.026867,1.009,1.0
orbit_0.5deg,275,25161,24530,631,0,0,0.025078,0.025078,1.003,1.0
orbit_0.5deg,276,25161,24502,659,0,0,0.026191,0.026191,1.003,1.0
orbit_0.5deg,277,25161,24425,736,0,0,0.029252,0.029252,1.003,1.0
orbit_0.5deg,278,25161,24404,757,0,0,0.030086,0.030086,1.004,1.0
orbit_0.5deg,279,25161,24414,747,0,0,0.029689,0.029689,1.005,1.0
orbit_0.5deg,280,25161,24514,647,0,0,0.025714,0.025714,1.005,1.0
orbit_0.5deg,281,25161,24441,720,0,0,0.028616,0.028616,1.008,1.0
orbit_0.5deg,282,25161,24495,666,0,0,0.026470,0.026470,1.008,1.0
orbit_0.5deg,283,25161,24491,670,0,0,0.026629,0.026629,1.000,1.0
orbit_0.5deg,284,25161,24508,653,0,0,0.025953,0.025953,1.003,1.0
orbit_0.5deg,285,25161,24615,546,0,0,0.021700,0.021700,1.011,1.0
orbit_0.5deg,286,25161,24565,596,0,0,0.023687,0.023687,1.005,1.0
orbit_0.5deg,287,25161,24519,642,0,0,0.025516,0.025516,1.005,1.0
orbit_0.5deg,288,25161,24515,646,0,0,0.025675,0.025675,1.002,1.0
orbit_0.5deg,289,25161,24525,636,0,0,0.025277,0.025277,1.008,1.0
orbit_0.5deg,290,25161,24528,633,0,0,0.025158,0.025158,1.005,1.0
orbit_0.5deg,291,25161,24444,717,0,0,0.028496,0.028496,1.001,1.0
orbit_0.5deg,292,25161,24448,713,0,0,0.028338,0.028338,1.001,1.0
orbit_0.5deg,293,25161,24492,669,0,0,0.026589,0.026589,1.006,1.0
orbit_0.5deg,294,25161,24415,746,0,0,0.029649,0.029649,1.003,1.0
orbit_0.5deg,295,25161,24467,694,0,0,0.027582,0.027582,1.001,1.0
orbit_0.5deg,296,25161,24381,780,0,0,0.031000,0.031000,1.006,1.0
orbit_0.5deg,297,25161,24440,721,0,0,0.028655,0.028655,1.003,1.0
orbit_0.5deg,298,25161,24433,728,0,0,0.028934,0.028934,1.000,1.0
orbit_0.5deg,299,25161,24529,632,0,0,0.025118,0.025118,1.002,1.0
orbit_2.0deg,0,25161,0,0,25161,0,0.000000,1.000000,0.000,0.0
orbit_2.0deg,1,25161,22570,2591,0,0,0.102977,0.102977,1.007,1.0
orbit_2.0deg,2,25161,22709,2452,0,0,0.097452,0.097452,1.015,1.0
orbit_2.0deg,3,25161,22789,2372,0,0,0.094273,0.094273,1.010,1.0
orbit_2.0deg,4,25161,22616,2545,0,0,0.101149,0.101149,1.002,1.0
orbit_2.0deg,5,25161,22631,2530,0,0,0.100552,0.100552,1.005,1.0
orbit_2.0deg,6,25161,21425,3736,0,0,0.148484,0.148484,1.006,1.0
orbit_2.0deg,7,25161,21973,3188,0,0,0.126704,0.126704,1.004,1.0
orbit_2.0deg,8,25161,21851,3310,0,0,0.131553,0.131553,1.002,1.0
orbit_2.0deg,9,25161,22349,2812,0,0,0.111760,0.111760,1.003,1.0
orbit_2.0deg,10,25161,22689,2472,0,0,0.098247,0.098247,1.007,1.0
orbit_2.0deg,11,25161,22816,2345,0,0,0.093200,0.093200,1.003,1.0
orbit_2.0deg,12,25161,22641,2520,0,0,0.100155,0.100155,1.002,1.0
orbit_2.0deg,13,25161,22813,2348,0,0,0.093319,0.093319,1.001,1.0
orbit_2.0deg,14,25161,22618,2543,0,0,0.101069,0.101069,1.006,1.0
orbit_2.0deg,15,25161,21591,3570,0,0,0.141886,0.141886,1.006,1.0
orbit_2.0deg,16,25161,22149,3012,0,0,0.119709,0.119709,1.006,1.0
orbit_2.0deg,17,25161,21897,3264,0,0,0.129725,0.129725,1.006,1.0
orbit_2.0deg,18,25161,22135,3026,0,0,0.120265,0.120265,1.008,1.0
orbit_2.0deg,19,25161,22825,2336,0,0,0.092842,0.092842,1.006,1.0
orbit_2.0deg,20,25161,22633,2528,0,0,0.100473,0.100473,1.004,1.0
orbit_2.0deg,21,25161,22460,2701,0,0,0.107349,0.107349,1.003,1.0
orbit_2.0deg,22,25161,22875,2286,0,0,0.090855,0.090855,1.007,1.0
orbit_2.0deg,23,25161,22424,2737,0,0,0.108779,0.108779,1.013,1.0
orbit_2.0deg,24,25161,21703,3458,0,0,0.137435,0.137435,1.005,1.0
orbit_2.0deg,25,25161,21931,3230,0,0,0.128373,0.128373,1.015,1.0
orbit_2.0deg,26,25161,22455,2706,0,0,0.107547,0.107547,1.008,1.0
orbit_2.0deg,27,25161,22448,2713,0,0,0.107826,0.107826,1.016,1.0
orbit_2.0deg,28,25161,22488,2673,0,0,0.106236,0.106236,1.017,1.0
orbit_2.0deg,29,25161,22560,2601,0,0,0.103374,0.103374,1.015,1.0
orbit_2.0deg,30,25161,22602,2559,0,0,0.101705,0.101705,1.023,1.0
orbit_2.0deg,31,25161,22695,2466,0,0,0.098009,0.098009,1.015,1.0
orbit_2.0deg,32,25161,22535,2626,0,0,0.104368,0.104368,1.013,1.0
orbit_2.0deg,33,25161,21663,3498,0,0,0.139025,0.139025,1.017,1.0
orbit_2.0deg,34,25161,22192,2969,0,0,0.118000,0.118000,1.011,1.0
orbit_2.0deg,35,25161,22212,2949,0,0,0.117205,0.117205,1.021,1.0
orbit_2.0deg,36,25161,22493,2668,0,0,0.106037,0.106037,1.024,1.0
orbit_2.0deg,37,25161,22929,2232,0,0,0.088709,0.088709,1.014,1.0
orbit_2.0deg,38,25161,23256,1905,0,0,0.075712,0.075712,1.014,1.0
orbit_2.0deg,39,25161,23223,1938,0,0,0.077024,0.077024,1.014,1.0
orbit_2.0deg,40,25161,22613,2548,0,0,0.101268,0.101268,1.023,1.0
orbit_2.0deg,41,25161,22921,2240,0,0,0.089027,0.089027,1.009,1.0
orbit_2.0deg,42,25161,22966,2195,0,0,0.087238,0.087238,1.008,1.0
orbit_2.0deg,43,25161,22146,3015,0,0,0.119828,0.119828,1.010,1.0
orbit_2.0deg,44,25161,22519,2642,0,0,0.105004,0.105004,1.006,1.0
orbit_2.0deg,45,25161,23152,2009,0,0,0.079846,0.079846,1.010,1.0
orbit_2.0deg,46,25161,22856,2305,0,0,0.091610,0.091610,1.008,1.0
orbit_2.0deg,47,25161,22817,2344,0,0,0.093160,0.093160,1.011,1.0
orbit_2.0deg,48,25161,22607,2554,0,0,0.101506,0.101506,1.008,1.0
orbit_2.0deg,49,25161,22708,2453,0,0,0.097492,0.097492,1.009,1.0
orbit_2.0deg,50,25161,23171,1990,0,0,0.079091,0.079091,1.010,1.0
orbit_2.0deg,51,25161,23418,1743,0,0,0.069274,0.069274,1.009,1.0
orbit_2.0deg,52,25161,23732,1429,0,0,0.056794,0.056794,1.008,1.0
orbit_2.0deg,53,25161,23581,1580,0,0,0.062796,0.062796,1.004,1.0
orbit_2.0deg,54,25161,23343,1818,0,0,0.072255,0.072255,1.006,1.0
orbit_2.0deg,55,25161,23666,1495,0,0,0.059417,0.059417,1.006,1.0
orbit_2.0deg,56,25161,23730,1431,0,0,0.056874,0.056874,1.008,1.0
orbit_2.0deg,57,25161,23551,1610,0,0,0.063988,0.063988,1.011,1.0
orbit_2.0deg,58,25161,23346,1815,0,0,0.072135,0.072135,1.012,1.0
orbit_2.0deg,59,25161,23218,1943,0,0,0.077223,0.077223,1.006,1.0
orbit_2.0deg,60,25161,23139,2022,0,0,0.080362,0.080362,1.011,1.0
orbit_2.0deg,61,25161,23310,1851,0,0,0.073566,0.073566,1.006,1.0
orbit_2.0deg,62,25161,23396,1765,0,0,0.070148,0.070148,1.005,1.0
orbit_2.0deg,63,25161,23408,1753,0,0,0.069671,0.069671,1.009,1.0
orbit_2.0deg,64,25161,23342,1819,0,0,0.072294,0.072294,1.011,1.0
orbit_2.0deg,65,25161,23621,1540,0,0,0.061206,0.061206,1.012,1.0
orbit_2.0deg,66,25161,23346,1815,0,0,0.072135,0.072135,1.022,1.0
orbit_2.0deg,67,25161,22963,2198,0,0,0.087357,0.087357,1.010,1.0
orbit_2.0deg,68,25161,22789,2372,0,0,0.094273,0.094273,1.008,1.0
orbit_2.0deg,69,25161,22499,2662,0,0,0.105799,0.105799,1.010,1.0
orbit_2.0deg,70,25161,22312,2849,0,0,0.113231,0.113231,1.018,1.0
orbit_2.0deg,71,25161,22499,2662,0,0,0.105799,0.105799,1.022,1.0
orbit_2.0deg,72,25161,22774,2387,0,0,0.094869,0.094869,1.023,1.0
orbit_2.0deg,73,25161,22499,2662,0,0,0.105799,0.105799,1.018,1.0
orbit_2.0deg,74,25161,22325,2836,0,0,0.112714,0.112714,1.023,1.0
orbit_2.0deg,75,25161,22467,2694,0,0,0.107070,0.107070,1.010,1.0
orbit_2.0deg,76,25161,22843,2318,0,0,0.092127,0.092127,1.005,1.0
orbit_2.0deg,77,25161,23243,1918,0,0,0.076229,0.076229,1.010,1.0
orbit_2.0deg,78,25161,23204,1957,0,0,0.077779,0.077779,1.012,1.0
orbit_2.0deg,79,25161,22448,2713,0,0,0.107826,0.107826,1.012,1.0
orbit_2.0deg,80,25161,22185,2976,0,0,0.118278,0.118278,1.024,1.0
orbit_2.0deg,81,25161,21908,3253,0,0,0.129287,0.129287,1.014,1.0
orbit_2.0deg,82,25161,21610,3551,0,0,0.141131,0.141131,1.017,1.0
orbit_2.0deg,83,25161,21460,3701,0,0,0.147093,0.147093,1.018,1.0
orbit_2.0deg,84,25161,20806,4355,0,0,0.173085,0.173085,1.010,1.0
orbit_2.0deg,85,25161,21784,3377,0,0,0.134216,0.134216,1.021,1.0
orbit_2.0deg,86,25161,22379,2782,0,0,0.110568,0.110568,1.015,1.0
orbit_2.0deg,87,25161,21701,3460,0,0,0.137514,0.137514,1.020,1.0
orbit_2.0deg,88,25161,21535,3626,0,0,0.144112,0.144112,1.020,1.0
orbit_2.0deg,89,25161,21311,3850,0,0,0.153015,0.153015,1.007,1.0
orbit_2.0deg,90,25161,21850,3311,0,0,0.131593,0.131593,1.013,1.0
orbit_2.0deg,91,25161,21353,3808,0,0,0.151345,0.151345,1.010,1.0
orbit_2.0deg,92,25161,20923,4238,0,0,0.168435,0.168435,1.016,1.0
orbit_2.0deg,93,25161,20728,4433,0,0,0.176185,0.176185,1.014,1.0
orbit_2.0deg,94,25161,21784,3377,0,0,0.134216,0.134216,1.010,1.0
orbit_2.0deg,95,25161,21925,3236,0,0,0.128612,0.128612,1.012,1.0
orbit_2.0deg,96,25161,21905,3256,0,0,0.129407,0.129407,1.010,1.0
orbit_2.0deg,97,25161,20854,4307,0,0,0.171178,0.171178,1.004,1.0
orbit_2.0deg,98,25161,20628,4533,0,0,0.180160,0.180160,1.007,1.0
orbit_2.0deg,99,25161,20396,4765,0,0,0.189380,0.189380,1.005,1.0
orbit_2.0deg,100,25161,22092,3069,0,0,0.121974,0.121974,1.011,1.0
orbit_2.0deg,101,25161,22143,3018,0,0,0.119948,0.119948,1.006,1.0
orbit_2.0deg,102,25161,21343,3818,0,0,0.151743,0.151743,1.008,1.0
orbit_2.0deg,103,25161,20920,4241,0,0,0.168555,0.168555,1.009,1.0
orbit_2.0deg,104,25161,20741,4420,0,0,0.175669,0.175669,1.009,1.0
orbit_2.0deg,105,25161,20427,4734,0,0,0.188148,0.188148,1.005,1.0
orbit_2.0deg,106,25161,22106,3055,0,0,0.121418,0.121418,1.009,1.0
orbit_2.0deg,107,25161,21886,3275,0,0,0.130162,0.130162,1.010,1.0
orbit_2.0deg,108,25161,21122,4039,0,0,0.160526,0.160526,1.010,1.0
orbit_2.0deg,109,25161,21070,4091,0,0,0.162593,0.162593,1.017,1.0
orbit_2.0deg,110,25161,21217,3944,0,0,0.156751,0.156751,1.012,1.0
orbit_2.0deg,111,25161,20921,4240,0,0,0.168515,0.168515,1.008,1.0
orbit_2.0deg,112,25161,21813,3348,0,0,0.133063,0.133063,1.018,1.0
orbit_2.0deg,113,25161,22007,3154,0,0,0.125353,0.125353,1.016,1.0
orbit_2.0deg,114,25161,21774,3387,0,0,0.134613,0.134613,1.011,1.0
orbit_2.0deg,115,25161,21542,3619,0,0,0.143834,0.143834,1.023,1.0
orbit_2.0deg,116,25161,21298,3863,0,0,0.153531,0.153531,1.021,1.0
orbit_2.0deg,117,25161,20636,4525,0,0,0.179842,0.179842,1.017,1.0
orbit_2.0deg,118,25161,21884,3277,0,0,0.130241,0.130241,1.020,1.0
orbit_2.0deg,119,25161,22790,2371,0,0,0.094233,0.094233,1.017,1.0
orbit_2.0deg,120,25161,22942,2219,0,0,0.088192,0.088192,1.021,1.0
orbit_2.0deg,121,25161,22326,2835,0,0,0.112674,0.112674,1.026,1.0
orbit_2.0deg,122,25161,22299,2862,0,0,0.113747,0.113747,1.034,1.0
orbit_2.0deg,123,25161,22475,2686,0,0,0.106753,0.106753,1.023,1.0
orbit_2.0deg,124,25161,21943,3218,0,0,0.127896,0.127896,1.013,1.0
orbit_2.0deg,125,25161,21193,3968,0,0,0.157704,0.157704,1.012,1.0
orbit_2.0deg,126,25161,22424,2737,0,0,0.108779,0.108779,1.014,1.0
orbit_2.0deg,127,25161,22587,2574,0,0,0.102301,0.102301,1.007,1.0
orbit_2.0deg,128,25161,22810,2351,0,0,0.093438,0.093438,1.012,1.0
orbit_2.0deg,129,25161,22760,2401,0,0,0.095425,0.095425,1.013,1.0
orbit_2.0deg,130,25161,23075,2086,0,0,0.082906,0.082906,1.017,1.0
orbit_2.0deg,131,25161,23181,1980,0,0,0.078693,0.078693,1.005,1.0
orbit_2.0deg,132,25161,23298,1863,0,0,0.074043,0.074043,1.032,1.0
orbit_2.0deg,133,25161,23603,1558,0,0,0.061921,0.061921,1.017,1.0
orbit_2.0deg,134,25161,23807,1354,0,0,0.053813,0.053813,1.005,1.0
orbit_2.0deg,135,25161,23673,1488,0,0,0.059139,0.059139,1.007,1.0
orbit_2.0deg,136,25161,23499,1662,0,0,0.066055,0.066055,1.008,1.0
orbit_2.0deg,137,25161,23438,1723,0,0,0.068479,0.068479,1.006,1.0
orbit_2.0deg,138,25161,23323,1838,0,0,0.073050,0.073050,1.009,1.0
orbit_2.0deg,139,25161,23208,1953,0,0,0.077620,0.077620,1.023,1.0
orbit_2.0deg,140,25161,23345,1816,0,0,0.072175,0.072175,1.018,1.0
orbit_2.0deg,141,25161,23386,1775,0,0,0.070546,0.070546,1.003,1.0
orbit_2.0deg,142,25161,23516,1645,0,0,0.065379,0.065379,1.008,1.0
orbit_2.0deg,143,25161,23524,1637,0,0,0.065061,0.065061,1.006,1.0
orbit_2.0deg,144,25161,23644,1517,0,0,0.060292,0.060292,1.005,1.0
orbit_2.0deg,145,25161,23371,1790,0,0,0.071142,0.071142,1.007,1.0
orbit_2.0deg,146,25161,23219,1942,0,0,0.077183,0.077183,1.011,1.0
orbit_2.0deg,147,25161,23073,2088,0,0,0.082986,0.082986,1.007,1.0
orbit_2.0deg,148,25161,22891,2270,0,0,0.090219,0.090219,1.008,1.0
orbit_2.0deg,149,25161,23026,2135,0,0,0.084854,0.084854,1.012,1.0
orbit_2.0deg,150,25161,23104,2057,0,0,0.081754,0.081754,1.005,1.0
orbit_2.0deg,151,25161,22879,2282,0,0,0.090696,0.090696,1.006,1.0
orbit_2.0deg,152,25161,23352,1809,0,0,0.071897,0.071897,1.002,1.0
orbit_2.0deg,153,25161,23627,1534,0,0,0.060967,0.060967,1.006,1.0
orbit_2.0deg,154,25161,23799,1362,0,0,0.054131,0.054131,1.016,1.0
orbit_2.0deg,155,25161,23293,1868,0,0,0.074242,0.074242,1.008,1.0
orbit_2.0deg,156,25161,22768,2393,0,0,0.095108,0.095108,1.005,1.0
orbit_2.0deg,157,25161,22958,2203,0,0,0.087556,0.087556,1.006,1.0
orbit_2.0deg,158,25161,23296,1865,0,0,0.074123,0.074123,1.019,1.0
orbit_2.0deg,159,25161,23478,1683,0,0,0.066889,0.066889,1.006,1.0
orbit_2.0deg,160,25161,23004,2157,0,0,0.085728,0.085728,1.007,1.0
orbit_2.0deg,161,25161,22530,2631,0,0,0.104567,0.104567,1.011,1.0
orbit_2.0deg,162,25161,22675,2486,0,0,0.098804,0.098804,1.009,1.0
orbit_2.0deg,163,25161,22948,2213,0,0,0.087954,0.087954,1.031,1.0
orbit_2.0deg,164,25161,23301,1860,0,0,0.073924,0.073924,1.005,1.0
orbit_2.0deg,165,25161,22240,2921,0,0,0.116092,0.116092,1.016,1.0
orbit_2.0deg,166,25161,21388,3773,0,0,0.149954,0.149954,1.007,1.0
orbit_2.0deg,167,25161,21928,3233,0,0,0.128493,0.128493,1.009,1.0
orbit_2.0deg,168,25161,22375,2786,0,0,0.110727,0.110727,1.013,1.0
orbit_2.0deg,169,25161,23063,2098,0,0,0.083383,0.083383,1.019,1.0
orbit_2.0deg,170,25161,22572,2589,0,0,0.102897,0.102897,1.018,1.0
orbit_2.0deg,171,25161,22147,3014,0,0,0.119789,0.119789,1.011,1.0
orbit_2.0deg,172,25161,22533,2628,0,0,0.104447,0.104447,1.009,1.0
orbit_2.0deg,173,25161,22661,2500,0,0,0.099360,0.099360,1.015,1.0
orbit_2.0deg,174,25161,22712,2449,0,0,0.097333,0.097333,1.019,1.0
orbit_2.0deg,175,25161,22320,2841,0,0,0.112913,0.112913,1.007,1.0
orbit_2.0deg,176,25161,21620,3541,0,0,0.140734,0.140734,1.010,1.0
orbit_2.0deg,177,25161,21504,3657,0,0,0.145344,0.145344,1.014,1.0
orbit_2.0deg,178,25161,22322,2839,0,0,0.112833,0.112833,1.013,1.0
orbit_2.0deg,179,25161,22403,2758,0,0,0.109614,0.109614,1.008,1.0
orbit_2.0deg,180,25161,22511,2650,0,0,0.105322,0.105322,1.004,1.0
orbit_2.0deg,181,25161,22570,2591,0,0,0.102977,0.102977,1.007,1.0
orbit_2.0deg,182,25161,22709,2452,0,0,0.097452,0.097452,1.015,1.0
orbit_2.0deg,183,25161,22789,2372,0,0,0.094273,0.094273,1.010,1.0
orbit_2.0deg,184,25161,22616,2545,0,0,0.101149,0.101149,1.002,1.0
orbit_2.0deg,185,25161,22631,2530,0,0,0.100552,0.100552,1.005,1.0
orbit_2.0deg,186,25161,21425,3736,0,0,0.148484,0.148484,1.006,1.0
orbit_2.0deg,187,25161,21973,3188,0,0,0.126704,0.126704,1.004,1.0
orbit_2.0deg,188,25161,21851,3310,0,0,0.131553,0.131553,1.002,1.0
orbit_2.0deg,189,25161,22349,2812,0,0,0.111760,0.111760,1.003,1.0
orbit_2.0deg,190,25161,22689,2472,0,0,0.098247,0.098247,1.007,1.0
orbit_2.0deg,191,25161,22816,2345,0,0,0.093200,0.093200,1.003,1.0
orbit_2.0deg,192,25161,22641,2520,0,0,0.100155,0.100155,1.002,1.0
orbit_2.0deg,193,25161,22813,2348,0,0,0.093319,0.093319,1.001,1.0
orbit_2.0deg,194,25161,22618,2543,0,0,0.101069,0.101069,1.006,1.0
orbit_2.0deg,195,25161,21591,3570,0,0,0.141886,0.141886,1.006,1.0
orbit_2.0deg,196,25161,22149,3012,0,0,0.119709,0.119709,1.006,1.0
orbit_2.0deg,197,25161,21897,3264,0,0,0.129725,0.129725,1.006,1.0
orbit_2.0deg,198,25161,22135,3026,0,0,0.120265,0.120265,1.008,1.0
orbit_2.0deg,199,25161,22825,2336,0,0,0.092842,0.092842,1.006,1.0
orbit_2.0deg,200,25161,22633,2528,0,0,0.100473,0.100473,1.004,1.0
orbit_2.0deg,201,25161,22460,2701,0,0,0.107349,0.107349,1.003,1.0
orbit_2.0deg,202,25161,22875,2286,0,0,0.090855,0.090855,1.007,1.0
orbit_2.0deg,203,25161,22423,2738,0,0,0.108819,0.108819,1.013,1.0
orbit_2.0deg,204,25161,21705,3456,0,0,0.137355,0.137355,1.005,1.0
orbit_2.0deg,205,25161,21930,3231,0,0,0.128413,0.128413,1.015,1.0
orbit_2.0deg,206,25161,22455,2706,0,0,0.107547,0.107547,1.008,1.0
orbit_2.0deg,207,25161,22448,2713,0,0,0.107826,0.107826,1.016,1.0
orbit_2.0deg,208,25161,22488,2673,0,0,0.106236,0.106236,1.017,1.0
orbit_2.0deg,209,25161,22560,2601,0,0,0.103374,0.103374,1.015,1.0
orbit_2.0deg,210,25161,22602,2559,0,0,0.101705,0.101705,1.023,1.0
orbit_2.0deg,211,25161,22695,2466,0,0,0.098009,0.098009,1.015,1.0
orbit_2.0deg,212,25161,22535,2626,0,0,0.104368,0.104368,1.013,1.0
orbit_2.0deg,213,25161,21663,3498,0,0,0.139025,0.139025,1.017,1.0
orbit_2.0deg,214,25161,22192,2969,0,0,0.118000,0.118000,1.011,1.0
orbit_2.0deg,215,25161,22212,2949,0,0,0.117205,0.117205,1.021,1.0
orbit_2.0deg,216,25161,22493,2668,0,0,0.106037,0.106037,1.024,1.0
orbit_2.0deg,217,25161,22929,2232,0,0,0.088709,0.088709,1.014,1.0
orbit_2.0deg,218,25161,23256,1905,0,0,0.075712,0.075712,1.014,1.0
orbit_2.0deg,219,25161,23223,1938,0,0,0.077024,0.077024,1.014,1.0
orbit_2.0deg,220,25161,22614,2547,0,0,0.101228,0.101228,1.023,1.0
orbit_2.0deg,221,25161,22920,2241,0,0,0.089066,0.089066,1.009,1.0
orbit_2.0deg,222,25161,22966,2195,0,0,0.087238,0.087238,1.008,1.0
orbit_2.0deg,223,25161,22146,3015,0,0,0.119828,0.119828,1.010,1.0
orbit_2.0deg,224,25161,22519,2642,0,0,0.105004,0.105004,1.006,1.0
orbit_2.0deg,225,25161,23152,2009,0,0,0.079846,0.079846,1.010,1.0
orbit_2.0deg,226,25161,22856,2305,0,0,0.091610,0.091610,1.008,1.0
orbit_2.0deg,227,25161,22817,2344,0,0,0.093160,0.093160,1.011,1.0
orbit_2.0deg,228,25161,22607,2554,0,0,0.101506,0.101506,1.008,1.0
orbit_2.0deg,229,25161,22708,2453,0,0,0.097492,0.097492,1.009,1.0
orbit_2.0deg,230,25161,23171,1990,0,0,0.079091,0.079091,1.010,1.0
orbit_2.0deg,231,25161,23418,1743,0,0,0.069274,0.069274,1.009,1.0
orbit_2.0deg,232,25161,23732,1429,0,0,0.056794,0.056794,1.008,1.0
orbit_2.0deg,233,25161,23581,1580,0,0,0.062796,0.062796,1.004,1.0
orbit_2.0deg,234,25161,23343,1818,0,0,0.072255,0.072255,1.006,1.0
orbit_2.0deg,235,25161,23666,1495,0,0,0.059417,0.059417,1.006,1.0
orbit_2.0deg,236,25161,23730,1431,0,0,0.056874,0.056874,1.008,1.0
orbit_2.0deg,237,25161,23551,1610,0,0,0.063988,0.063988,1.011,1.0
orbit_2.0deg,238,25161,23346,1815,0,0,0.072135,0.072135,1.012,1.0
orbit_2.0deg,239,25161,23218,1943,0,0,0.077223,0.077223,1.006,1.0
orbit_2.0deg,240,25161,23139,2022,0,0,0.080362,0.080362,1.011,1.0
orbit_2.0deg,241,25161,23310,1851,0,0,0.073566,0.073566,1.006,1.0
orbit_2.0deg,242,25161,23396,1765,0,0,0.070148,0.070148,1.005,1.0
orbit_2.0deg,243,25161,23408,1753,0,0,0.069671,0.069671,1.009,1.0
orbit_2.0deg,244,25161,23342,1819,0,0,0.072294,0.072294,1.011,1.0
orbit_2.0deg,245,25161,23621,1540,0,0,0.061206,0.061206,1.012,1.0
orbit_2.0deg,246,25161,23346,1815,0,0,0.072135,0.072135,1.022,1.0
orbit_2.0deg,247,25161,22963,2198,0,0,0.087357,0.087357,1.010,1.0
orbit_2.0deg,248,25161,22789,2372,0,0,0.094273,0.094273,1.008,1.0
orbit_2.0deg,249,25161,22499,2662,0,0,0.105799,0.105799,1.010,1.0
orbit_2.0deg,250,25161,22312,2849,0,0,0.113231,0.113231,1.018,1.0
orbit_2.0deg,251,25161,22499,2662,0,0,0.105799,0.105799,1.022,1.0
orbit_2.0deg,252,25161,22774,2387,0,0,0.094869,0.094869,1.023,1.0
orbit_2.0deg,253,25161,22499,2662,0,0,0.105799,0.105799,1.018,1.0
orbit_2.0deg,254,25161,22325,2836,0,0,0.112714,0.112714,1.023,1.0
orbit_2.0deg,255,25161,22467,2694,0,0,0.107070,0.107070,1.010,1.0
orbit_2.0deg,256,25161,22843,2318,0,0,0.092127,0.092127,1.005,1.0
orbit_2.0deg,257,25161,23243,1918,0,0,0.076229,0.076229,1.010,1.0
orbit_2.0deg,258,25161,23204,1957,0,0,0.077779,0.077779,1.012,1.0
orbit_2.0deg,259,25161,22448,2713,0,0,0.107826,0.107826,1.012,1.0
orbit_2.0deg,260,25161,22185,2976,0,0,0.118278,0.118278,1.024,1.0
orbit_2.0deg,261,25161,21908,3253,0,0,0.129287,0.129287,1.014,1.0
orbit_2.0deg,262,25161,21610,3551,0,0,0.141131,0.141131,1.017,1.0
orbit_2.0deg,263,25161,21460,3701,0,0,0.147093,0.147093,1.018,1.0
orbit_2.0deg,264,25161,20806,4355,0,0,0.173085,0.173085,1.010,1.0
orbit_2.0deg,265,25161,21784,3377,0,0,0.134216,0.134216,1.021,1.0
orbit_2.0deg,266,25161,22379,2782,0,0,0.110568,0.110568,1.015,1.0
orbit_2.0deg,267,25161,21701,3460,0,0,0.137514,0.137514,1.020,1.0
orbit_2.0deg,268,25161,21535,3626,0,0,0.144112,0.144112,1.020,1.0
orbit_2.0deg,269,25161,21311,3850,0,0,0.153015,0.153015,1.007,1.0
orbit_2.0deg,270,25161,21850,3311,0,0,0.131593,0.131593,1.013,1.0
orbit_2.0deg,271,25161,21353,3808,0,0,0.151345,0.151345,1.010,1.0
orbit_2.0deg,272,25161,20923,4238,0,0,0.168435,0.168435,1.016,1.0
orbit_2.0deg,273,25161,20728,4433,0,0,0.176185,0.176185,1.014,1.0
orbit_2.0deg,274,25161,21784,3377,0,0,0.134216,0.134216,1.010,1.0
orbit_2.0deg,275,25161,21925,3236,0,0,0.128612,0.128612,1.012,1.0
orbit_2.0deg,276,25161,21905,3256,0,0,0.129407,0.129407,1.010,1.0
orbit_2.0deg,277,25161,20854,4307,0,0,0.171178,0.171178,1.004,1.0
orbit_2.0deg,278,25161,20628,4533,0,0,0.180160,0.180160,1.007,1.0
orbit_2.0deg,279,25161,20396,4765,0,0,0.189380,0.189380,1.005,1.0
orbit_2.0deg,280,25161,22092,3069,0,0,0.121974,0.121974,1.011,1.0
orbit_2.0deg,281,25161,22143,3018,0,0,0.119948,0.119948,1.006,1.0
orbit_2.0deg,282,25161,21343,3818,0,0,0.151743,0.151743,1.008,1.0
orbit_2.0deg,283,25161,20920,4241,0,0,0.168555,0.168555,1.009,1.0
orbit_2.0deg,284,25161,20741,4420,0,0,0.175669,0.175669,1.009,1.0
orbit_2.0deg,285,25161,20427,4734,0,0,0.188148,0.188148,1.005,1.0
orbit_2.0deg,286,25161,22106,3055,0,0,0.121418,0.121418,1.009,1.0
orbit_2.0deg,287,25161,21886,3275,0,0,0.130162,0.130162,1.010,1.0
orbit_2.0deg,288,25161,21123,4038,0,0,0.160486,0.160486,1.010,1.0
orbit_2.0deg,289,25161,21069,4092,0,0,0.162633,0.162633,1.017,1.0
orbit_2.0deg,290,25161,21217,3944,0,0,0.156751,0.156751,1.012,1.0
orbit_2.0deg,291,25161,20921,4240,0,0,0.168515,0.168515,1.008,1.0
orbit_2.0deg,292,25161,21813,3348,0,0,0.133063,0.133063,1.018,1.0
orbit_2.0deg,293,25161,22007,3154,0,0,0.125353,0.125353,1.016,1.0
orbit_2.0deg,294,25161,21774,3387,0,0,0.134613,0.134613,1.011,1.0
orbit_2.0deg,295,25161,21543,3618,0,0,0.143794,0.143794,1.023,1.0
orbit_2.0deg,296,25161,21297,3864,0,0,0.153571,0.153571,1.021,1.0
orbit_2.0deg,297,25161,20636,4525,0,0,0.179842,0.179842,1.017,1.0
orbit_2.0deg,298,25161,21884,3277,0,0,0.130241,0.130241,1.020,1.0
orbit_2.0deg,299,25161,22790,2371,0,0,0.094233,0.094233,1.017,1.0
orbit_5.0deg,0,25161,0,0,25161,0,0.000000,1.000000,0.000,0.0
orbit_5.0deg,1,25161,19009,6152,0,0,0.244505,0.244505,1.021,1.0
orbit_5.0deg,2,25161,18938,6223,0,0,0.247327,0.247327,1.013,1.0
orbit_5.0deg,3,25161,16787,8374,0,0,0.332817,0.332817,1.013,1.0
orbit_5.0deg,4,25161,18129,7032,0,0,0.279480,0.279480,1.010,1.0
orbit_5.0deg,5,25161,19100,6061,0,0,0.240889,0.240889,1.009,1.0
orbit_5.0deg,6,25161,18017,7144,0,0,0.283931,0.283931,1.016,1.0
orbit_5.0deg,7,25161,17391,7770,0,0,0.308811,0.308811,1.014,1.0
orbit_5.0deg,8,25161,18877,6284,0,0,0.249752,0.249752,1.014,1.0
orbit_5.0deg,9,25161,19242,5919,0,0,0.235245,0.235245,1.016,1.0
orbit_5.0deg,10,25161,16895,8266,0,0,0.328524,0.328524,1.031,1.0
orbit_5.0deg,11,25161,18537,6624,0,0,0.263265,0.263265,1.038,1.0
orbit_5.0deg,12,25161,18887,6274,0,0,0.249354,0.249354,1.049,1.0
orbit_5.0deg,13,25161,18221,6940,0,0,0.275824,0.275824,1.036,1.0
orbit_5.0deg,14,25161,17874,7287,0,0,0.289615,0.289615,1.035,1.0
orbit_5.0deg,15,25161,19422,5739,0,0,0.228091,0.228091,1.039,1.0
orbit_5.0deg,16,25161,19855,5306,0,0,0.210882,0.210882,1.043,1.0
orbit_5.0deg,17,25161,19514,5647,0,0,0.224435,0.224435,1.026,1.0
orbit_5.0deg,18,25161,18866,6295,0,0,0.250189,0.250189,1.018,1.0
orbit_5.0deg,19,25161,19277,5884,0,0,0.233854,0.233854,1.020,1.0
orbit_5.0deg,20,25161,19588,5573,0,0,0.221494,0.221494,1.032,1.0
orbit_5.0deg,21,25161,21286,3875,0,0,0.154008,0.154008,1.021,1.0
orbit_5.0deg,22,25161,21086,4075,0,0,0.161957,0.161957,1.021,1.0
orbit_5.0deg,23,25161,21247,3914,0,0,0.155558,0.155558,1.020,1.0
orbit_5.0deg,24,25161,20376,4785,0,0,0.190175,0.190175,1.026,1.0
orbit_5.0deg,25,25161,20745,4416,0,0,0.175510,0.175510,1.018,1.0
orbit_5.0deg,26,25161,20980,4181,0,0,0.166170,0.166170,1.029,1.0
orbit_5.0deg,27,25161,20060,5101,0,0,0.202734,0.202734,1.033,1.0
orbit_5.0deg,28,25161,18597,6564,0,0,0.260880,0.260880,1.031,1.0
orbit_5.0deg,29,25161,19111,6050,0,0,0.240451,0.240451,1.063,2.0
orbit_5.0deg,30,25161,18389,6772,0,0,0.269147,0.269147,1.041,1.0
orbit_5.0deg,31,25161,19900,5261,0,0,0.209093,0.209093,1.020,1.0
orbit_5.0deg,32,25161,18749,6412,0,0,0.254839,0.254839,1.041,1.0
orbit_5.0deg,33,25161,16669,8492,0,0,0.337506,0.337506,1.048,1.0
orbit_5.0deg,34,25161,15915,9246,0,0,0.367473,0.367473,1.040,1.0
orbit_5.0deg,35,25161,17546,7615,0,0,0.302651,0.302651,1.054,2.0
orbit_5.0deg,36,25161,16140,9021,0,0,0.358531,0.358531,1.027,1.0
orbit_5.0deg,37,25161,14910,10251,0,0,0.407416,0.407416,1.035,1.0
orbit_5.0deg,38,25161,16677,8484,0,0,0.337189,0.337189,1.028,1.0
orbit_5.0deg,39,25161,15596,9565,0,0,0.380152,0.380152,1.016,1.0
orbit_5.0deg,40,25161,15019,10142,0,0,0.403084,0.403084,1.020,1.0
orbit_5.0deg,41,25161,16295,8866,0,0,0.352371,0.352371,1.022,1.0
orbit_5.0deg,42,25161,14075,11086,0,0,0.440603,0.440603,1.021,1.0
orbit_5.0deg,43,25161,17070,8091,0,0,0.321569,0.321569,1.024,1.0
orbit_5.0deg,44,25161,15218,9943,0,0,0.395175,0.395175,1.039,1.0
orbit_5.0deg,45,25161,16270,8891,0,0,0.353364,0.353364,1.035,1.0
orbit_5.0deg,46,25161,16750,8411,0,0,0.334287,0.334287,1.046,1.0
orbit_5.0deg,47,25161,15352,9809,0,0,0.389849,0.389849,1.048,1.0
orbit_5.0deg,48,25161,19140,6021,0,0,0.239299,0.239299,1.044,1.0
orbit_5.0deg,49,25161,18388,6773,0,0,0.269186,0.269186,1.073,2.0
orbit_5.0deg,50,25161,16860,8301,0,0,0.329915,0.329915,1.039,1.0
orbit_5.0deg,51,25161,18690,6471,0,0,0.257184,0.257184,1.027,1.0
orbit_5.0deg,52,25161,19705,5456,0,0,0.216844,0.216844,1.036,1.0
orbit_5.0deg,53,25161,20577,4584,0,0,0.182187,0.182187,1.041,1.0
orbit_5.0deg,54,25161,21638,3523,0,0,0.140018,0.140018,1.014,1.0
orbit_5.0deg,55,25161,20928,4233,0,0,0.168237,0.168237,1.021,1.0
orbit_5.0deg,56,25161,20556,4605,0,0,0.183021,0.183021,1.039,1.0
orbit_5.0deg,57,25161,20970,4191,0,0,0.166567,0.166567,1.023,1.0
orbit_5.0deg,58,25161,21129,4032,0,0,0.160248,0.160248,1.016,1.0
orbit_5.0deg,59,25161,20166,4995,0,0,0.198522,0.198522,1.030,1.0
orbit_5.0deg,60,25161,19844,5317,0,0,0.211319,0.211319,1.021,1.0
orbit_5.0deg,61,25161,20272,4889,0,0,0.194309,0.194309,1.008,1.0
orbit_5.0deg,62,25161,21276,3885,0,0,0.154406,0.154406,1.027,1.0
orbit_5.0deg,63,25161,19695,5466,0,0,0.217241,0.217241,1.021,1.0
orbit_5.0deg,64,25161,20487,4674,0,0,0.185764,0.185764,1.028,1.0
orbit_5.0deg,65,25161,18998,6163,0,0,0.244943,0.244943,1.031,1.0
orbit_5.0deg,66,25161,19475,5686,0,0,0.225985,0.225985,1.043,1.0
orbit_5.0deg,67,25161,16930,8231,0,0,0.327133,0.327133,1.026,1.0
orbit_5.0deg,68,25161,19261,5900,0,0,0.234490,0.234490,1.054,2.0
orbit_5.0deg,69,25161,18179,6982,0,0,0.277493,0.277493,1.028,1.0
orbit_5.0deg,70,25161,18940,6221,0,0,0.247248,0.247248,1.032,1.0
orbit_5.0deg,71,25161,16623,8538,0,0,0.339335,0.339335,1.035,1.0
orbit_5.0deg,72,25161,18502,6659,0,0,0.264656,0.264656,1.015,1.0
orbit_5.0deg,73,25161,19009,6152,0,0,0.244505,0.244505,1.021,1.0
orbit_5.0deg,74,25161,18938,6223,0,0,0.247327,0.247327,1.013,1.0
orbit_5.0deg,75,25161,16787,8374,0,0,0.332817,0.332817,1.013,1.0
orbit_5.0deg,76,25161,18129,7032,0,0,0.279480,0.279480,1.010,1.0
orbit_5.0deg,77,25161,19100,6061,0,0,0.240889,0.240889,1.009,1.0
orbit_5.0deg,78,25161,18017,7144,0,0,0.283931,0.283931,1.016,1.0
orbit_5.0deg,79,25161,17391,7770,0,0,0.308811,0.308811,1.014,1.0
orbit_5.0deg,80,25161,18877,6284,0,0,0.249752,0.249752,1.014,1.0
orbit_5.0deg,81,25161,19242,5919,0,0,0.235245,0.235245,1.016,1.0
orbit_5.0deg,82,25161,16895,8266,0,0,0.328524,0.328524,1.031,1.0
orbit_5.0deg,83,25161,18537,6624,0,0,0.263265,0.263265,1.038,1.0
orbit_5.0deg,84,25161,18887,6274,0,0,0.249354,0.249354,1.049,1.0
orbit_5.0deg,85,25161,18221,6940,0,0,0.275824,0.275824,1.036,1.0
orbit_5.0deg,86,25161,17874,7287,0,0,0.289615,0.289615,1.035,1.0
orbit_5.0deg,87,25161,19422,5739,0,0,0.228091,0.228091,1.039,1.0
orbit_5.0deg,88,25161,19856,5305,0,0,0.210842,0.210842,1.043,1.0
orbit_5.0deg,89,25161,19513,5648,0,0,0.224474,0.224474,1.026,1.0
orbit_5.0deg,90,25161,18866,6295,0,0,0.250189,0.250189,1.018,1.0
orbit_5.0deg,91,25161,19277,5884,0,0,0.233854,0.233854,1.020,1.0
orbit_5.0deg,92,25161,19588,5573,0,0,0.221494,0.221494,1.032,1.0
orbit_5.0deg,93,25161,21286,3875,0,0,0.154008,0.154008,1.021,1.0
orbit_5.0deg,94,25161,21086,4075,0,0,0.161957,0.161957,1.021,1.0
orbit_5.0deg,95,25161,21247,3914,0,0,0.155558,0.155558,1.020,1.0
orbit_5.0deg,96,25161,20376,4785,0,0,0.190175,0.190175,1.026,1.0
orbit_5.0deg,97,25161,20745,4416,0,0,0.175510,0.175510,1.018,1.0
orbit_5.0deg,98,25161,20980,4181,0,0,0.166170,0.166170,1.029,1.0
orbit_5.0deg,99,25161,20060,5101,0,0,0.202734,0.202734,1.033,1.0
orbit_5.0deg,100,25161,18597,6564,0,0,0.260880,0.260880,1.031,1.0
orbit_5.0deg,101,25161,19111,6050,0,0,0.240451,0.240451,1.063,2.0
orbit_5.0deg,102,25161,18389,6772,0,0,0.269147,0.269147,1.041,1.0
orbit_5.0deg,103,25161,19900,5261,0,0,0.209093,0.209093,1.020,1.0
orbit_5.0deg,104,25161,18749,6412,0,0,0.254839,0.254839,1.041,1.0
orbit_5.0deg,105,25161,16669,8492,0,0,0.337506,0.337506,1.048,1.0
orbit_5.0deg,106,25161,15915,9246,0,0,0.367473,0.367473,1.040,1.0
orbit_5.0deg,107,25161,17546,7615,0,0,0.302651,0.302651,1.054,2.0
orbit_5.0deg,108,25161,16140,9021,0,0,0.358531,0.358531,1.027,1.0
orbit_5.0deg,109,25161,14910,10251,0,0,0.407416,0.407416,1.035,1.0
orbit_5.0deg,110,25161,16677,8484,0,0,0.337189,0.337189,1.028,1.0
orbit_5.0deg,111,25161,15596,9565,0,0,0.380152,0.380152,1.016,1.0
orbit_5.0deg,112,25161,15019,10142,0,0,0.403084,0.403084,1.020,1.0
orbit_5.0deg,113,25161,16295,8866,0,0,0.352371,0.352371,1.022,1.0
orbit_5.0deg,114,25161,14075,11086,0,0,0.440603,0.440603,1.021,1.0
orbit_5.0deg,115,25161,17070,8091,0,0,0.321569,0.321569,1.024,1.0
orbit_5.0deg,116,25161,15218,9943,0,0,0.395175,0.395175,1.039,1.0
orbit_5.0deg,117,25161,16270,8891,0,0,0.353364,0.353364,1.035,1.0
orbit_5.0deg,118,25161,16751,8410,0,0,0.334247,0.334247,1.046,1.0
orbit_5.0deg,119,25161,15351,9810,0,0,0.389889,0.389889,1.048,1.0
orbit_5.0deg,120,25161,19139,6022,0,0,0.239339,0.239339,1.044,1.0
orbit_5.0deg,121,25161,18388,6773,0,0,0.269186,0.269186,1.073,2.0
orbit_5.0deg,122,25161,16860,8301,0,0,0.329915,0.329915,1.039,1.0
orbit_5.0deg,123,25161,18690,6471,0,0,0.257184,0.257184,1.027,1.0
orbit_5.0deg,124,25161,19705,5456,0,0,0.216844,0.216844,1.036,1.0
orbit_5.0deg,125,25161,20577,4584,0,0,0.182187,0.182187,1.041,1.0
orbit_5.0deg,126,25161,21639,3522,0,0,0.139979,0.139979,1.014,1.0
orbit_5.0deg,127,25161,20927,4234,0,0,0.168276,0.168276,1.021,1.0
orbit_5.0deg,128,25161,20556,4605,0,0,0.183021,0.183021,1.039,1.0
orbit_5.0deg,129,25161,20970,4191,0,0,0.166567,0.166567,1.023,1.0
orbit_5.0deg,130,25161,21129,4032,0,0,0.160248,0.160248,1.016,1.0
orbit_5.0deg,131,25161,20166,4995,0,0,0.198522,0.198522,1.030,1.0
orbit_5.0deg,132,25161,19844,5317,0,0,0.211319,0.211319,1.021,1.0
orbit_5.0deg,133,25161,20272,4889,0,0,0.194309,0.194309,1.008,1.0
orbit_5.0deg,134,25161,21276,3885,0,0,0.154406,0.154406,1.027,1.0
orbit_5.0deg,135,25161,19695,5466,0,0,0.217241,0.217241,1.021,1.0
orbit_5.0deg,136,25161,20487,4674,0,0,0.185764,0.185764,1.028,1.0
orbit_5.0deg,137,25161,18998,6163,0,0,0.244943,0.244943,1.031,1.0
orbit_5.0deg,138,25161,19475,5686,0,0,0.225985,0.225985,1.043,1.0
orbit_5.0deg,139,25161,16930,8231,0,0,0.327133,0.327133,1.026,1.0
orbit_5.0deg,140,25161,19261,5900,0,0,0.234490,0.234490,1.054,2.0
orbit_5.0deg,141,25161,18179,6982,0,0,0.277493,0.277493,1.028,1.0
orbit_5.0deg,142,25161,18940,6221,0,0,0.247248,0.247248,1.032,1.0
orbit_5.0deg,143,25161,16623,8538,0,0,0.339335,0.339335,1.035,1.0
orbit_5.0deg,144,25161,18502,6659,0,0,0.264656,0.264656,1.015,1.0
orbit_5.0deg,145,25161,19009,6152,0,0,0.244505,0.244505,1.021,1.0
orbit_5.0deg,146,25161,18938,6223,0,0,0.247327,0.247327,1.013,1.0
orbit_5.0deg,147,25161,16787,8374,0,0,0.332817,0.332817,1.013,1.0
orbit_5.0deg,148,25161,18129,7032,0,0,0.279480,0.279480,1.010,1.0
orbit_5.0deg,149,25161,19100,6061,0,0,0.240889,0.240889,1.009,1.0
orbit_5.0deg,150,25161,18017,7144,0,0,0.283931,0.283931,1.016,1.0
orbit_5.0deg,151,25161,17390,7771,0,0,0.308851,0.308851,1.014,1.0
orbit_5.0deg,152,25161,18877,6284,0,0,0.249752,0.249752,1.014,1.0
orbit_5.0deg,153,25161,19243,5918,0,0,0.235205,0.235205,1.016,1.0
orbit_5.0deg,154,25161,16895,8266,0,0,0.328524,0.328524,1.031,1.0
orbit_5.0deg,155,25161,18537,6624,0,0,0.263265,0.263265,1.038,1.0
orbit_5.0deg,156,25161,18887,6274,0,0,0.249354,0.249354,1.049,1.0
orbit_5.0deg,157,25161,18221,6940,0,0,0.275824,0.275824,1.036,1.0
orbit_5.0deg,158,25161,17874,7287,0,0,0.289615,0.289615,1.035,1.0
orbit_5.0deg,159,25161,19422,5739,0,0,0.228091,0.228091,1.039,1.0
orbit_5.0deg,160,25161,19856,5305,0,0,0.210842,0.210842,1.043,1.0
orbit_5.0deg,161,25161,19513,5648,0,0,0.224474,0.224474,1.026,1.0
orbit_5.0deg,162,25161,18866,6295,0,0,0.250189,0.250189,1.018,1.0
orbit_5.0deg,163,25161,19277,5884,0,0,0.233854,0.233854,1.020,1.0
orbit_5.0deg,164,25161,19588,5573,0,0,0.221494,0.221494,1.032,1.0
orbit_5.0deg,165,25161,21286,3875,0,0,0.154008,0.154008,1.021,1.0
orbit_5.0deg,166,25161,21086,4075,0,0,0.161957,0.161957,1.021,1.0
orbit_5.0deg,167,25161,21247,3914,0,0,0.155558,0.155558,1.020,1.0
orbit_5.0deg,168,25161,20376,4785,0,0,0.190175,0.190175,1.026,1.0
orbit_5.0deg,169,25161,20745,4416,0,0,0.175510,0.175510,1.018,1.0
orbit_5.0deg,170,25161,20980,4181,0,0,0.166170,0.166170,1.029,1.0
orbit_5.0deg,171,25161,20060,5101,0,0,0.202734,0.202734,1.033,1.0
orbit_5.0deg,172,25161,18597,6564,0,0,0.260880,0.260880,1.031,1.0
orbit_5.0deg,173,25161,19111,6050,0,0,0.240451,0.240451,1.063,2.0
orbit_5.0deg,174,25161,18389,6772,0,0,0.269147,0.269147,1.041,1.0
orbit_5.0deg,175,25161,19900,5261,0,0,0.209093,0.209093,1.020,1.0
orbit_5.0deg,176,25161,18749,6412,0,0,0.254839,0.254839,1.041,1.0
orbit_5.0deg,177,25161,16669,8492,0,0,0.337506,0.337506,1.048,1.0
orbit_5.0deg,178,25161,15915,9246,0,0,0.367473,0.367473,1.040,1.0
orbit_5.0deg,179,25161,17546,7615,0,0,0.302651,0.302651,1.054,2.0
orbit_5.0deg,180,25161,16140,9021,0,0,0.358531,0.358531,1.027,1.0
orbit_5.0deg,181,25161,14910,10251,0,0,0.407416,0.407416,1.035,1.0
orbit_5.0deg,182,25161,16678,8483,0,0,0.337149,0.337149,1.028,1.0
orbit_5.0deg,183,25161,15595,9566,0,0,0.380192,0.380192,1.016,1.0
orbit_5.0deg,184,25161,15019,10142,0,0,0.403084,0.403084,1.020,1.0
orbit_5.0deg,185,25161,16295,8866,0,0,0.352371,0.352371,1.022,1.0
orbit_5.0deg,186,25161,14075,11086,0,0,0.440603,0.440603,1.021,1.0
orbit_5.0deg,187,25161,17070,8091,0,0,0.321569,0.321569,1.024,1.0
orbit_5.0deg,188,25161,15218,9943,0,0,0.395175,0.395175,1.039,1.0
orbit_5.0deg,189,25161,16270,8891,0,0,0.353364,0.353364,1.035,1.0
orbit_5.0deg,190,25161,16751,8410,0,0,0.334247,0.334247,1.046,1.0
orbit_5.0deg,191,25161,15351,9810,0,0,0.389889,0.389889,1.048,1.0
orbit_5.0deg,192,25161,19139,6022,0,0,0.239339,0.239339,1.044,1.0
orbit_5.0deg,193,25161,18388,6773,0,0,0.269186,0.269186,1.073,2.0
orbit_5.0deg,194,25161,16860,8301,0,0,0.329915,0.329915,1.039,1.0
orbit_5.0deg,195,25161,18690,6471,0,0,0.257184,0.257184,1.027,1.0
orbit_5.0deg,196,25161,19705,5456,0,0,0.216844,0.216844,1.036,1.0
orbit_5.0deg,197,25161,20577,4584,0,0,0.182187,0.182187,1.041,1.0
orbit_5.0deg,198,25161,21639,3522,0,0,0.139979,0.139979,1.014,1.0
orbit_5.0deg,199,25161,20927,4234,0,0,0.168276,0.168276,1.021,1.0
orbit_5.0deg,200,25161,20555,4606,0,0,0.183061,0.183061,1.039,1.0
orbit_5.0deg,201,25161,20971,4190,0,0,0.166528,0.166528,1.023,1.0
orbit_5.0deg,202,25161,21129,4032,0,0,0.160248,0.160248,1.016,1.0
orbit_5.0deg,203,25161,20166,4995,0,0,0.198522,0.198522,1.030,1.0
orbit_5.0deg,204,25161,19844,5317,0,0,0.211319,0.211319,1.021,1.0
orbit_5.0deg,205,25161,20272,4889,0,0,0.194309,0.194309,1.008,1.0
orbit_5.0deg,206,25161,21276,3885,0,0,0.154406,0.154406,1.027,1.0
orbit_5.0deg,207,25161,19695,5466,0,0,0.217241,0.217241,1.021,1.0
orbit_5.0deg,208,25161,20487,4674,0,0,0.185764,0.185764,1.028,1.0
orbit_5.0deg,209,25161,18998,6163,0,0,0.244943,0.244943,1.031,1.0
orbit_5.0deg,210,25161,19475,5686,0,0,0.225985,0.225985,1.043,1.0
orbit_5.0deg,211,25161,16930,8231,0,0,0.327133,0.327133,1.026,1.0
orbit_5.0deg,212,25161,19261,5900,0,0,0.234490,0.234490,1.054,2.0
orbit_5.0deg,213,25161,18179,6982,0,0,0.277493,0.277493,1.028,1.0
orbit_5.0deg,214,25161,18940,6221,0,0,0.247248,0.247248,1.032,1.0
orbit_5.0deg,215,25161,16623,8538,0,0,0.339335,0.339335,1.035,1.0
orbit_5.0deg,216,25161,18502,6659,0,0,0.264656,0.264656,1.015,1.0
orbit_5.0deg,217,25161,19009,6152,0,0,0.244505,0.244505,1.021,1.0
orbit_5.0deg,218,25161,18938,6223,0,0,0.247327,0.247327,1.013,1.0
orbit_5.0deg,219,25161,16787,8374,0,0,0.332817,0.332817,1.013,1.0
orbit_5.0deg,220,25161,18129,7032,0,0,0.279480,0.279480,1.010,1.0
orbit_5.0deg,221,25161,19100,6061,0,0,0.240889,0.240889,1.009,1.0
orbit_5.0deg,222,25161,18017,7144,0,0,0.283931,0.283931,1.016,1.0
orbit_5.0deg,223,25161,17391,7770,0,0,0.308811,0.308811,1.014,1.0
orbit_5.0deg,224,25161,18877,6284,0,0,0.249752,0.249752,1.014,1.0
orbit_5.0deg,225,25161,19242,5919,0,0,0.235245,0.235245,1.016,1.0
orbit_5.0deg,226,25161,16896,8265,0,0,0.328485,0.328485,1.031,1.0
orbit_5.0deg,227,25161,18536,6625,0,0,0.263304,0.263304,1.038,1.0
orbit_5.0deg,228,25161,18887,6274,0,0,0.249354,0.249354,1.049,1.0
orbit_5.0deg,229,25161,18221,6940,0,0,0.275824,0.275824,1.036,1.0
orbit_5.0deg,230,25161,17874,7287,0,0,0.289615,0.289615,1.035,1.0
orbit_5.0deg,231,25161,19422,5739,0,0,0.228091,0.228091,1.039,1.0
orbit_5.0deg,232,25161,19856,5305,0,0,0.210842,0.210842,1.043,1.0
orbit_5.0deg,233,25161,19513,5648,0,0,0.224474,0.224474,1.026,1.0
orbit_5.0deg,234,25161,18866,6295,0,0,0.250189,0.250189,1.018,1.0
orbit_5.0deg,235,25161,19277,5884,0,0,0.233854,0.233854,1.020,1.0
orbit_5.0deg,236,25161,19588,5573,0,0,0.221494,0.221494,1.032,1.0
orbit_5.0deg,237,25161,21286,3875,0,0,0.154008,0.154008,1.021,1.0
orbit_5.0deg,238,25161,21086,4075,0,0,0.161957,0.161957,1.021,1.0
orbit_5.0deg,239,25161,21247,3914,0,0,0.155558,0.155558,1.020,1.0
orbit_5.0deg,240,25161,20376,4785,0,0,0.190175,0.190175,1.026,1.0
orbit_5.0deg,241,25161,20745,4416,0,0,0.175510,0.175510,1.018,1.0
orbit_5.0deg,242,25161,20980,4181,0,0,0.166170,0.166170,1.029,1.0
orbit_5.0deg,243,25161,20060,5101,0,0,0.202734,0.202734,1.033,1.0
orbit_5.0deg,244,25161,18597,6564,0,0,0.260880,0.260880,1.031,1.0
orbit_5.0deg,245,25161,19111,6050,0,0,0.240451,0.240451,1.063,2.0
orbit_5.0deg,246,25161,18389,6772,0,0,0.269147,0.269147,1.041,1.0
orbit_5.0deg,247,25161,19900,5261,0,0,0.209093,0.209093,1.020,1.0
orbit_5.0deg,248,25161,18749,6412,0,0,0.254839,0.254839,1.041,1.0
orbit_5.0deg,249,25161,16669,8492,0,0,0.337506,0.337506,1.048,1.0
orbit_5.0deg,250,25161,15915,9246,0,0,0.367473,0.367473,1.040,1.0
orbit_5.0deg,251,25161,17546,7615,0,0,0.302651,0.302651,1.054,2.0
orbit_5.0deg,252,25161,16140,9021,0,0,0.358531,0.358531,1.027,1.0
orbit_5.0deg,253,25161,14910,10251,0,0,0.407416,0.407416,1.035,1.0
orbit_5.0deg,254,25161,16677,8484,0,0,0.337189,0.337189,1.028,1.0
orbit_5.0deg,255,25161,15596,9565,0,0,0.380152,0.380152,1.016,1.0
orbit_5.0deg,256,25161,15019,10142,0,0,0.403084,0.403084,1.020,1.0
orbit_5.0deg,257,25161,16295,8866,0,0,0.352371,0.352371,1.022,1.0
orbit_5.0deg,258,25161,14075,11086,0,0,0.440603,0.440603,1.021,1.0
orbit_5.0deg,259,25161,17070,8091,0,0,0.321569,0.321569,1.024,1.0
orbit_5.0deg,260,25161,15218,9943,0,0,0.395175,0.395175,1.039,1.0
orbit_5.0deg,261,25161,16270,8891,0,0,0.353364,0.353364,1.035,1.0
orbit_5.0deg,262,25161,16750,8411,0,0,0.334287,0.334287,1.046,1.0
orbit_5.0deg,263,25161,15352,9809,0,0,0.389849,0.389849,1.048,1.0
orbit_5.0deg,264,25161,19139,6022,0,0,0.239339,0.239339,1.044,1.0
orbit_5.0deg,265,25161,18388,6773,0,0,0.269186,0.269186,1.073,2.0
orbit_5.0deg,266,25161,16860,8301,0,0,0.329915,0.329915,1.039,1.0
orbit_5.0deg,267,25161,18690,6471,0,0,0.257184,0.257184,1.027,1.0
orbit_5.0deg,268,25161,19705,5456,0,0,0.216844,0.216844,1.036,1.0
orbit_5.0deg,269,25161,20577,4584,0,0,0.182187,0.182187,1.041,1.0
orbit_5.0deg,270,25161,21638,3523,0,0,0.140018,0.140018,1.014,1.0
orbit_5.0deg,271,25161,20928,4233,0,0,0.168237,0.168237,1.021,1.0
orbit_5.0deg,272,25161,20556,4605,0,0,0.183021,0.183021,1.039,1.0
orbit_5.0deg,273,25161,20970,4191,0,0,0.166567,0.166567,1.023,1.0
orbit_5.0deg,274,25161,21129,4032,0,0,0.160248,0.160248,1.016,1.0
orbit_5.0deg,275,25161,20166,4995,0,0,0.198522,0.198522,1.030,1.0
orbit_5.0deg,276,25161,19844,5317,0,0,0.211319,0.211319,1.021,1.0
orbit_5.0deg,277,25161,20272,4889,0,0,0.194309,0.194309,1.008,1.0
orbit_5.0deg,278,25161,21276,3885,0,0,0.154406,0.154406,1.027,1.0
orbit_5.0deg,279,25161,19695,5466,0,0,0.217241,0.217241,1.021,1.0
orbit_5.0deg,280,25161,20487,4674,0,0,0.185764,0.185764,1.028,1.0
orbit_5.0deg,281,25161,18998,6163,0,0,0.244943,0.244943,1.031,1.0
orbit_5.0deg,282,25161,19475,5686,0,0,0.225985,0.225985,1.043,1.0
orbit_5.0deg,283,25161,16929,8232,0,0,0.327173,0.327173,1.026,1.0
orbit_5.0deg,284,25161,19262,5899,0,0,0.234450,0.234450,1.054,2.0
orbit_5.0deg,285,25161,18179,6982,0,0,0.277493,0.277493,1.028,1.0
orbit_5.0deg,286,25161,18940,6221,0,0,0.247248,0.247248,1.032,1.0
orbit_5.0deg,287,25161,16623,8538,0,0,0.339335,0.339335,1.035,1.0
orbit_5.0deg,288,25161,18502,6659,0,0,0.264656,0.264656,1.015,1.0
orbit_5.0deg,289,25161,19009,6152,0,0,0.244505,0.244505,1.021,1.0
orbit_5.0deg,290,25161,18938,6223,0,0,0.247327,0.247327,1.013,1.0
orbit_5.0deg,291,25161,16787,8374,0,0,0.332817,0.332817,1.013,1.0
orbit_5.0deg,292,25161,18129,7032,0,0,0.279480,0.279480,1.010,1.0
orbit_5.0deg,293,25161,19100,6061,0,0,0.240889,0.240889,1.009,1.0
orbit_5.0deg,294,25161,18017,7144,0,0,0.283931,0.283931,1.016,1.0
orbit_5.0deg,295,25161,17390,7771,0,0,0.308851,0.308851,1.014,1.0
orbit_5.0deg,296,25161,18877,6284,0,0,0.249752,0.249752,1.014,1.0
orbit_5.0deg,297,25161,19243,5918,0,0,0.235205,0.235205,1.016,1.0
orbit_5.0deg,298,25161,16895,8266,0,0,0.328524,0.328524,1.031,1.0
orbit_5.0deg,299,25161,18537,6624,0,0,0.263265,0.263265,1.038,1.0
orbit_20.0deg,0,25161,0,0,25161,0,0.000000,1.000000,0.000,0.0
orbit_20.0deg,1,25161,1347,23814,0,0,0.946465,0.946465,1.178,2.0
orbit_20.0deg,2,25161,1556,23605,0,0,0.938158,0.938158,1.165,2.0
orbit_20.0deg,3,25161,2177,22984,0,0,0.913477,0.913477,1.216,2.0
orbit_20.0deg,4,25161,3897,21264,0,0,0.845117,0.845117,1.228,2.0
orbit_20.0deg,5,25161,5252,19909,0,0,0.791264,0.791264,1.202,2.0
orbit_20.0deg,6,25161,11957,13204,0,0,0.524780,0.524780,1.271,2.0
orbit_20.0deg,7,25161,9502,15659,0,0,0.622352,0.622352,1.230,2.0
orbit_20.0deg,8,25161,5550,19611,0,0,0.779421,0.779421,1.299,2.0
orbit_20.0deg,9,25161,1879,23282,0,0,0.925321,0.925321,1.535,3.0
orbit_20.0deg,10,25161,1999,23162,0,0,0.920552,0.920552,1.691,3.0
orbit_20.0deg,11,25161,1671,23490,0,0,0.933588,0.933588,1.654,3.0
orbit_20.0deg,12,25161,1663,23498,0,0,0.933906,0.933906,1.470,3.0
orbit_20.0deg,13,25161,3582,21579,0,0,0.857637,0.857637,1.305,2.0
orbit_20.0deg,14,25161,11085,14076,0,0,0.559437,0.559437,1.229,2.0
orbit_20.0deg,15,25161,10299,14862,0,0,0.590676,0.590676,1.208,2.0
orbit_20.0deg,16,25161,8376,16785,0,0,0.667104,0.667104,1.149,2.0
orbit_20.0deg,17,25161,2605,22556,0,0,0.896467,0.896467,1.194,2.0
orbit_20.0deg,18,25161,1637,23524,0,0,0.934939,0.934939,1.240,2.0
orbit_20.0deg,19,25161,1347,23814,0,0,0.946465,0.946465,1.178,2.0
orbit_20.0deg,20,25161,1556,23605,0,0,0.938158,0.938158,1.165,2.0
orbit_20.0deg,21,25161,2177,22984,0,0,0.913477,0.913477,1.216,2.0
orbit_20.0deg,22,25161,3898,21263,0,0,0.845078,0.845078,1.228,2.0
orbit_20.0deg,23,25161,5252,19909,0,0,0.791264,0.791264,1.202,2.0
orbit_20.0deg,24,25161,11957,13204,0,0,0.524780,0.524780,1.271,2.0
orbit_20.0deg,25,25161,9502,15659,0,0,0.622352,0.622352,1.230,2.0
orbit_20.0deg,26,25161,5550,19611,0,0,0.779421,0.779421,1.299,2.0
orbit_20.0deg,27,25161,1879,23282,0,0,0.925321,0.925321,1.535,3.0
orbit_20.0deg,28,25161,1999,23162,0,0,0.920552,0.920552,1.691,3.0
orbit_20.0deg,29,25161,1671,23490,0,0,0.933588,0.933588,1.654,3.0
orbit_20.0deg,30,25161,1663,23498,0,0,0.933906,0.933906,1.470,3.0
orbit_20.0deg,31,25161,3582,21579,0,0,0.857637,0.857637,1.305,2.0
orbit_20.0deg,32,25161,11085,14076,0,0,0.559437,0.559437,1.229,2.0
orbit_20.0deg,33,25161,10299,14862,0,0,0.590676,0.590676,1.208,2.0
orbit_20.0deg,34,25161,8376,16785,0,0,0.667104,0.667104,1.149,2.0
orbit_20.0deg,35,25161,2605,22556,0,0,0.896467,0.896467,1.194,2.0
orbit_20.0deg,36,25161,1637,23524,0,0,0.934939,0.934939,1.240,2.0
orbit_20.0deg,37,25161,1347,23814,0,0,0.946465,0.946465,1.178,2.0
orbit_20.0deg,38,25161,1556,23605,0,0,0.938158,0.938158,1.165,2.0
orbit_20.0deg,39,25161,2177,22984,0,0,0.913477,0.913477,1.216,2.0
orbit_20.0deg,40,25161,3898,21263,0,0,0.845078,0.845078,1.228,2.0
orbit_20.0deg,41,25161,5252,19909,0,0,0.791264,0.791264,1.202,2.0
orbit_20.0deg,42,25161,11957,13204,0,0,0.524780,0.524780,1.271,2.0
orbit_20.0deg,43,25161,9502,15659,0,0,0.622352,0.622352,1.230,2.0
orbit_20.0deg,44,25161,5550,19611,0,0,0.779421,0.779421,1.299,2.0
orbit_20.0deg,45,25161,1879,23282,0,0,0.925321,0.925321,1.535,3.0
orbit_20.0deg,46,25161,1999,23162,0,0,0.920552,0.920552,1.691,3.0
orbit_20.0deg,47,25161,1671,23490,0,0,0.933588,0.933588,1.654,3.0
orbit_20.0deg,48,25161,1663,23498,0,0,0.933906,0.933906,1.470,3.0
orbit_20.0deg,49,25161,3582,21579,0,0,0.857637,0.857637,1.305,2.0
orbit_20.0deg,50,25161,11085,14076,0,0,0.559437,0.559437,1.229,2.0
orbit_20.0deg,51,25161,10299,14862,0,0,0.590676,0.590676,1.208,2.0
orbit_20.0deg,52,25161,8376,16785,0,0,0.667104,0.667104,1.149,2.0
orbit_20.0deg,53,25161,2605,22556,0,0,0.896467,0.896467,1.194,2.0
orbit_20.0deg,54,25161,1637,23524,0,0,0.934939,0.934939,1.240,2.0
orbit_20.0deg,55,25161,1347,23814,0,0,0.946465,0.946465,1.178,2.0
orbit_20.0deg,56,25161,1556,23605,0,0,0.938158,0.938158,1.165,2.0
orbit_20.0deg,57,25161,2177,22984,0,0,0.913477,0.913477,1.216,2.0
orbit_20.0deg,58,25161,3898,21263,0,0,0.845078,0.845078,1.228,2.0
orbit_20.0deg,59,25161,5252,19909,0,0,0.791264,0.791264,1.202,2.0
orbit_20.0deg,60,25161,11957,13204,0,0,0.524780,0.524780,1.271,2.0
orbit_20.0deg,61,25161,9502,15659,0,0,0.622352,0.622352,1.230,2.0
orbit_20.0deg,62,25161,5550,19611,0,0,0.779421,0.779421,1.299,2.0
orbit_20.0deg,63,25161,1879,23282,0,0,0.925321,0.925321,1.535,3.0
orbit_20.0deg,64,25161,1999,23162,0,0,0.920552,0.920552,1.691,3.0
orbit_20.0deg,65,25161,1671,23490,0,0,0.933588,0.933588,1.654,3.0
orbit_20.0deg,66,25161,1663,23498,0,0,0.933906,0.933906,1.470,3.0
orbit_20.0deg,67,25161,3582,21579,0,0,0.857637,0.857637,1.305,2.0
orbit_20.0deg,68,25161,11085,14076,0,0,0.559437,0.559437,1.229,2.0
orbit_20.0deg,69,25161,10299,14862,0,0,0.590676,0.590676,1.208,2.0
orbit_20.0deg,70,25161,8376,16785,0,0,0.667104,0.667104,1.149,2.0
orbit_20.0deg,71,25161,2605,22556,0,0,0.896467,0.896467,1.194,2.0
orbit_20.0deg,72,25161,1637,23524,0,0,0.934939,0.934939,1.240,2.0
orbit_20.0deg,73,25161,1347,23814,0,0,0.946465,0.946465,1.178,2.0
orbit_20.0deg,74,25161,1556,23605,0,0,0.938158,0.938158,1.165,2.0
orbit_20.0deg,75,25161,2177,22984,0,0,0.913477,0.913477,1.216,2.0
orbit_20.0deg,76,25161,3898,21263,0,0,0.845078,0.845078,1.228,2.0
orbit_20.0deg,77,25161,5252,19909,0,0,0.791264,0.791264,1.202,2.0
orbit_20.0deg,78,25161,11957,13204,0,0,0.524780,0.524780,1.271,2.0
orbit_20.0deg,79,25161,9502,15659,0,0,0.622352,0.622352,1.230,2.0
orbit_20.0deg,80,25161,5550,19611,0,0,0.779421,0.779421,1.299,2.0
orbit_20.0deg,81,25161,1879,23282,0,0,0.925321,0.925321,1.535,3.0
orbit_20.0deg,82,25161,1999,23162,0,0,0.920552,0.920552,1.691,3.0
orbit_20.0deg,83,25161,1671,23490,0,0,0.933588,0.933588,1.654,3.0
orbit_20.0deg,84,25161,1663,23498,0,0,0.933906,0.933906,1.470,3.0
orbit_20.0deg,85,25161,3582,21579,0,0,0.857637,0.857637,1.305,2.0
orbit_20.0deg,86,25161,11085,14076,0,0,0.559437,0.559437,1.229,2.0
orbit_20.0deg,87,25161,10299,14862,0,0,0.590676,0.590676,1.208,2.0
orbit_20.0deg,88,25161,8376,16785,0,0,0.667104,0.667104,1.149,2.0
orbit_20.0deg,89,25161,2605,22556,0,0,0.896467,0.896467,1.194,2.0
orbit_20.0deg,90,25161,1637,23524,0,0,0.934939,0.934939,1.240,2.0
orbit_20.0deg,91,25161,1347,23814,0,0,0.946465,0.946465,1.178,2.0
orbit_20.0deg,92,25161,1556,23605,0,0,0.938158,0.938158,1.165,2.0
orbit_20.0deg,93,25161,2177,22984,0,0,0.913477,0.913477,1.216,2.0
orbit_20.0deg,94,25161,3897,21264,0,0,0.845117,0.845117,1.228,2.0
orbit_20.0deg,95,25161,5252,19909,0,0,0.791264,0.791264,1.202,2.0
orbit_20.0deg,96,25161,11956,13205,0,0,0.524820,0.524820,1.271,2.0
orbit_20.0deg,97,25161,9503,15658,0,0,0.622312,0.622312,1.230,2.0
orbit_20.0deg,98,25161,5550,19611,0,0,0.779421,0.779421,1.299,2.0
orbit_20.0deg,99,25161,1879,23282,0,0,0.925321,0.925321,1.535,3.0
orbit_20.0deg,100,25161,1999,23162,0,0,0.920552,0.920552,1.691,3.0
orbit_20.0deg,101,25161,1671,23490,0,0,0.933588,0.933588,1.654,3.0
orbit_20.0deg,102,25161,1663,23498,0,0,0.933906,0.933906,1.470,3.0
orbit_20.0deg,103,25161,3582,21579,0,0,0.857637,0.857637,1.305,2.0
orbit_20.0deg,104,25161,11085,14076,0,0,0.559437,0.559437,1.229,2.0
orbit_20.0deg,105,25161,10299,14862,0,0,0.590676,0.590676,1.208,2.0
orbit_20.0deg,106,25161,8376,16785,0,0,0.667104,0.667104,1.149,2.0
orbit_20.0deg,107,25161,2605,22556,0,0,0.896467,0.896467,1.194,2.0
orbit_20.0deg,108,25161,1637,23524,0,0,0.934939,0.934939,1.240,2.0
orbit_20.0deg,109,25161,1347,23814,0,0,0.946465,0.946465,1.178,2.0
orbit_20.0deg,110,25161,1556,23605,0,0,0.938158,0.938158,1.165,2.0
orbit_20.0deg,111,25161,2177,22984,0,0,0.913477,0.913477,1.216,2.0
orbit_20.0deg,112,25161,3898,21263,0,0,0.845078,0.845078,1.228,2.0
orbit_20.0deg,113,25161,5252,19909,0,0,0.791264,0.791264,1.202,2.0
orbit_20.0deg,114,25161,11957,13204,0,0,0.524780,0.524780,1.271,2.0
orbit_20.0deg,115,25161,9502,15659,0,0,0.622352,0.622352,1.230,2.0
orbit_20.0deg,116,25161,5550,19611,0,0,0.779421,0.779421,1.299,2.0
orbit_20.0deg,117,25161,1879,23282,0,0,0.925321,0.925321,1.535,3.0
orbit_20.0deg,118,25161,1999,23162,0,0,0.920552,0.920552,1.691,3.0
orbit_20.0deg,119,25161,1671,23490,0,0,0.933588,0.933588,1.654,3.0
orbit_20.0deg,120,25161,1663,23498,0,0,0.933906,0.933906,1.470,3.0
orbit_20.0deg,121,25161,3582,21579,0,0,0.857637,0.857637,1.305,2.0
orbit_20.0deg,122,25161,11085,14076,0,0,0.559437,0.559437,1.229,2.0
orbit_20.0deg,123,25161,10299,14862,0,0,0.590676,0.590676,1.208,2.0
orbit_20.0deg,124,25161,8376,16785,0,0,0.667104,0.667104,1.149,2.0
orbit_20.0deg,125,25161,2605,22556,0,0,0.896467,0.896467,1.194,2.0
orbit_20.0deg,126,25161,1637,23524,0,0,0.934939,0.934939,1.240,2.0
orbit_20.0deg,127,25161,1347,23814,0,0,0.946465,0.946465,1.178,2.0
orbit_20.0deg,128,25161,1556,23605,0,0,0.938158,0.938158,1.165,2.0
orbit_20.0deg,129,25161,2177,22984,0,0,0.913477,0.913477,1.216,2.0
orbit_20.0deg,130,25161,3898,21263,0,0,0.845078,0.845078,1.228,2.0
orbit_20.0deg,131,25161,5252,19909,0,0,0.791264,0.791264,1.202,2.0
orbit_20.0deg,132,25161,11957,13204,0,0,0.524780,0.524780,1.271,2.0
orbit_20.0deg,133,25161,9502,15659,0,0,0.622352,0.622352,1.230,2.0
orbit_20.0deg,134,25161,5550,19611,0,0,0.779421,0.779421,1.299,2.0
orbit_20.0deg,135,25161,1879,23282,0,0,0.925321,0.925321,1.535,3.0
orbit_20.0deg,136,25161,1999,23162,0,0,0.920552,0.920552,1.691,3.0
orbit_20.0deg,137,25161,1671,23490,0,0,0.933588,0.933588,1.654,3.0
orbit_20.0deg,138,25161,1663,23498,0,0,0.933906,0.933906,1.470,3.0
orbit_20.0deg,139,25161,3582,21579,0,0,0.857637,0.857637,1.305,2.0
orbit_20.0deg,140,25161,11085,14076,0,0,0.559437,0.559437,1.229,2.0
orbit_20.0deg,141,25161,10299,14862,0,0,0.590676,0.590676,1.208,2.0
orbit_20.0deg,142,25161,8376,16785,0,0,0.667104,0.667104,1.149,2.0
orbit_20.0deg,143,25161,2605,22556,0,0,0.896467,0.896467,1.194,2.0
orbit_20.0deg,144,25161,1637,23524,0,0,0.934939,0.934939,1.240,2.0
orbit_20.0deg,145,25161,1347,23814,0,0,0.946465,0.946465,1.178,2.0
orbit_20.0deg,146,25161,1556,23605,0,0,0.938158,0.938158,1.165,2.0
orbit_20.0deg,147,25161,2177,22984,0,0,0.913477,0.913477,1.216,2.0
orbit_20.0deg,148,25161,3897,21264,0,0,0.845117,0.845117,1.228,2.0
orbit_20.0deg,149,25161,5252,19909,0,0,0.791264,0.791264,1.202,2.0
orbit_20.0deg,150,25161,11956,13205,0,0,0.524820,0.524820,1.271,2.0
orbit_20.0deg,151,25161,9503,15658,0,0,0.622312,0.622312,1.230,2.0
orbit_20.0deg,152,25161,5550,19611,0,0,0.779421,0.779421,1.299,2.0
orbit_20.0deg,153,25161,1879,23282,0,0,0.925321,0.925321,1.535,3.0
orbit_20.0deg,154,25161,1999,23162,0,0,0.920552,0.920552,1.691,3.0
orbit_20.0deg,155,25161,1671,23490,0,0,0.933588,0.933588,1.654,3.0
orbit_20.0deg,156,25161,1663,23498,0,0,0.933906,0.933906,1.470,3.0
orbit_20.0deg,157,25161,3582,21579,0,0,0.857637,0.857637,1.305,2.0
orbit_20.0deg,158,25161,11085,14076,0,0,0.559437,0.559437,1.229,2.0
orbit_20.0deg,159,25161,10299,14862,0,0,0.590676,0.590676,1.208,2.0
orbit_20.0deg,160,25161,8376,16785,0,0,0.667104,0.667104,1.149,2.0
orbit_20.0deg,161,25161,2605,22556,0,0,0.896467,0.896467,1.194,2.0
orbit_20.0deg,162,25161,1637,23524,0,0,0.934939,0.934939,1.240,2.0
orbit_20.0deg,163,25161,1347,23814,0,0,0.946465,0.946465,1.178,2.0
orbit_20.0deg,164,25161,1556,23605,0,0,0.938158,0.938158,1.165,2.0
orbit_20.0deg,165,25161,2177,22984,0,0,0.913477,0.913477,1.216,2.0
orbit_20.0deg,166,25161,3898,21263,0,0,0.845078,0.845078,1.228,2.0
orbit_20.0deg,167,25161,5252,19909,0,0,0.791264,0.791264,1.202,2.0
orbit_20.0deg,168,25161,11957,13204,0,0,0.524780,0.524780,1.271,2.0
orbit_20.0deg,169,25161,9502,15659,0,0,0.622352,0.622352,1.230,2.0
orbit_20.0deg,170,25161,5550,19611,0,0,0.779421,0.779421,1.299,2.0
orbit_20.0deg,171,25161,1879,23282,0,0,0.925321,0.925321,1.535,3.0
orbit_20.0deg,172,25161,1999,23162,0,0,0.920552,0.920552,1.691,3.0
orbit_20.0deg,173,25161,1671,23490,0,0,0.933588,0.933588,1.654,3.0
orbit_20.0deg,174,25161,1663,23498,0,0,0.933906,0.933906,1.470,3.0
orbit_20.0deg,175,25161,3582,21579,0,0,0.857637,0.857637,1.305,2.0
orbit_20.0deg,176,25161,11085,14076,0,0,0.559437,0.559437,1.229,2.0
orbit_20.0deg,177,25161,10299,14862,0,0,0.590676,0.590676,1.208,2.0
orbit_20.0deg,178,25161,8376,16785,0,0,0.667104,0.667104,1.149,2.0
orbit_20.0deg,179,25161,2605,22556,0,0,0.896467,0.896467,1.194,2.0
orbit_20.0deg,180,25161,1637,23524,0,0,0.934939,0.934939,1.240,2.0
orbit_20.0deg,181,25161,1347,23814,0,0,0.946465,0.946465,1.178,2.0
orbit_20.0deg,182,25161,1556,23605,0,0,0.938158,0.938158,1.165,2.0
orbit_20.0deg,183,25161,2177,22984,0,0,0.913477,0.913477,1.216,2.0
orbit_20.0deg,184,25161,3897,21264,0,0,0.845117,0.845117,1.228,2.0
orbit_20.0deg,185,25161,5252,19909,0,0,0.791264,0.791264,1.202,2.0
orbit_20.0deg,186,25161,11957,13204,0,0,0.524780,0.524780,1.271,2.0
orbit_20.0deg,187,25161,9502,15659,0,0,0.622352,0.622352,1.230,2.0
orbit_20.0deg,188,25161,5550,19611,0,0,0.779421,0.779421,1.299,2.0
orbit_20.0deg,189,25161,1879,23282,0,0,0.925321,0.925321,1.535,3.0
orbit_20.0deg,190,25161,1999,23162,0,0,0.920552,0.920552,1.691,3.0
orbit_20.0deg,191,25161,1671,23490,0,0,0.933588,0.933588,1.654,3.0
orbit_20.0deg,192,25161,1663,23498,0,0,0.933906,0.933906,1.470,3.0
orbit_20.0deg,193,25161,3582,21579,0,0,0.857637,0.857637,1.305,2.0
orbit_20.0deg,194,25161,11085,14076,0,0,0.559437,0.559437,1.229,2.0
orbit_20.0deg,195,25161,10299,14862,0,0,0.590676,0.590676,1.208,2.0
orbit_20.0deg,196,25161,8376,16785,0,0,0.667104,0.667104,1.149,2.0
orbit_20.0deg,197,25161,2605,22556,0,0,0.896467,0.896467,1.194,2.0
orbit_20.0deg,198,25161,1637,23524,0,0,0.934939,0.934939,1.240,2.0
orbit_20.0deg,199,25161,1347,23814,0,0,0.946465,0.946465,1.178,2.0
orbit_20.0deg,200,25161,1556,23605,0,0,0.938158,0.938158,1.165,2.0
orbit_20.0deg,201,25161,2177,22984,0,0,0.913477,0.913477,1.216,2.0
orbit_20.0deg,202,25161,3898,21263,0,0,0.845078,0.845078,1.228,2.0
orbit_20.0deg,203,25161,5252,19909,0,0,0.791264,0.791264,1.202,2.0
orbit_20.0deg,204,25161,11957,13204,0,0,0.524780,0.524780,1.271,2.0
orbit_20.0deg,205,25161,9501,15660,0,0,0.622392,0.622392,1.230,2.0
orbit_20.0deg,206,25161,5551,19610,0,0,0.779381,0.779381,1.299,2.0
orbit_20.0deg,207,25161,1879,23282,0,0,0.925321,0.925321,1.535,3.0
orbit_20.0deg,208,25161,1999,23162,0,0,0.920552,0.920552,1.691,3.0
orbit_20.0deg,209,25161,1671,23490,0,0,0.933588,0.933588,1.654,3.0
orbit_20.0deg,210,25161,1663,23498,0,0,0.933906,0.933906,1.470,3.0
orbit_20.0deg,211,25161,3582,21579,0,0,0.857637,0.857637,1.305,2.0
orbit_20.0deg,212,25161,11085,14076,0,0,0.559437,0.559437,1.229,2.0
orbit_20.0deg,213,25161,10299,14862,0,0,0.590676,0.590676,1.208,2.0
orbit_20.0deg,214,25161,8376,16785,0,0,0.667104,0.667104,1.149,2.0
orbit_20.0deg,215,25161,2605,22556,0,0,0.896467,0.896467,1.194,2.0
orbit_20.0deg,216,25161,1637,23524,0,0,0.934939,0.934939,1.240,2.0
orbit_20.0deg,217,25161,1347,23814,0,0,0.946465,0.946465,1.178,2.0
orbit_20.0deg,218,25161,1556,23605,0,0,0.938158,0.938158,1.165,2.0
orbit_20.0deg,219,25161,2177,22984,0,0,0.913477,0.913477,1.216,2.0
orbit_20.0deg,220,25161,3897,21264,0,0,0.845117,0.845117,1.228,2.0
orbit_20.0deg,221,25161,5252,19909,0,0,0.791264,0.791264,1.202,2.0
orbit_20.0deg,222,25161,11957,13204,0,0,0.524780,0.524780,1.271,2.0
orbit_20.0deg,223,25161,9502,15659,0,0,0.622352,0.622352,1.230,2.0
orbit_20.0deg,224,25161,5550,19611,0,0,0.779421,0.779421,1.299,2.0
orbit_20.0deg,225,25161,1879,23282,0,0,0.925321,0.925321,1.535,3.0
orbit_20.0deg,226,25161,1999,23162,0,0,0.920552,0.920552,1.691,3.0
orbit_20.0deg,227,25161,1671,23490,0,0,0.933588,0.933588,1.654,3.0
orbit_20.0deg,228,25161,1663,23498,0,0,0.933906,0.933906,1.470,3.0
orbit_20.0deg,229,25161,3582,21579,0,0,0.857637,0.857637,1.305,2.0
orbit_20.0deg,230,25161,11085,14076,0,0,0.559437,0.559437,1.229,2.0
orbit_20.0deg,231,25161,10299,14862,0,0,0.590676,0.590676,1.208,2.0
orbit_20.0deg,232,25161,8376,16785,0,0,0.667104,0.667104,1.149,2.0
orbit_20.0deg,233,25161,2605,22556,0,0,0.896467,0.896467,1.194,2.0
orbit_20.0deg,234,25161,1637,23524,0,0,0.934939,0.934939,1.240,2.0
orbit_20.0deg,235,25161,1347,23814,0,0,0.946465,0.946465,1.178,2.0
orbit_20.0deg,236,25161,1556,23605,0,0,0.938158,0.938158,1.165,2.0
orbit_20.0deg,237,25161,2177,22984,0,0,0.913477,0.913477,1.216,2.0
orbit_20.0deg,238,25161,3897,21264,0,0,0.845117,0.845117,1.228,2.0
orbit_20.0deg,239,25161,5252,19909,0,0,0.791264,0.791264,1.202,2.0
orbit_20.0deg,240,25161,11957,13204,0,0,0.524780,0.524780,1.271,2.0
orbit_20.0deg,241,25161,9501,15660,0,0,0.622392,0.622392,1.230,2.0
orbit_20.0deg,242,25161,5551,19610,0,0,0.779381,0.779381,1.299,2.0
orbit_20.0deg,243,25161,1879,23282,0,0,0.925321,0.925321,1.535,3.0
orbit_20.0deg,244,25161,1999,23162,0,0,0.920552,0.920552,1.691,3.0
orbit_20.0deg,245,25161,1671,23490,0,0,0.933588,0.933588,1.654,3.0
orbit_20.0deg,246,25161,1663,23498,0,0,0.933906,0.933906,1.470,3.0
orbit_20.0deg,247,25161,3582,21579,0,0,0.857637,0.857637,1.305,2.0
orbit_20.0deg,248,25161,11085,14076,0,0,0.559437,0.559437,1.229,2.0
orbit_20.0deg,249,25161,10299,14862,0,0,0.590676,0.590676,1.208,2.0
orbit_20.0deg,250,25161,8376,16785,0,0,0.667104,0.667104,1.149,2.0
orbit_20.0deg,251,25161,2605,22556,0,0,0.896467,0.896467,1.194,2.0
orbit_20.0deg,252,25161,1637,23524,0,0,0.934939,0.934939,1.240,2.0
orbit_20.0deg,253,25161,1347,23814,0,0,0.946465,0.946465,1.178,2.0
orbit_20.0deg,254,25161,1556,23605,0,0,0.938158,0.938158,1.165,2.0
orbit_20.0deg,255,25161,2177,22984,0,0,0.913477,0.913477,1.216,2.0
orbit_20.0deg,256,25161,3898,21263,0,0,0.845078,0.845078,1.228,2.0
orbit_20.0deg,257,25161,5252,19909,0,0,0.791264,0.791264,1.202,2.0
orbit_20.0deg,258,25161,11956,13205,0,0,0.524820,0.524820,1.271,2.0
orbit_20.0deg,259,25161,9502,15659,0,0,0.622352,0.622352,1.230,2.0
orbit_20.0deg,260,25161,5551,19610,0,0,0.779381,0.779381,1.299,2.0
orbit_20.0deg,261,25161,1879,23282,0,0,0.925321,0.925321,1.535,3.0
orbit_20.0deg,262,25161,1999,23162,0,0,0.920552,0.920552,1.691,3.0
orbit_20.0deg,263,25161,1671,23490,0,0,0.933588,0.933588,1.654,3.0
orbit_20.0deg,264,25161,1663,23498,0,0,0.933906,0.933906,1.470,3.0
orbit_20.0deg,265,25161,3582,21579,0,0,0.857637,0.857637,1.305,2.0
orbit_20.0deg,266,25161,11085,14076,0,0,0.559437,0.559437,1.229,2.0
orbit_20.0deg,267,25161,10299,14862,0,0,0.590676,0.590676,1.208,2.0
orbit_20.0deg,268,25161,8376,16785,0,0,0.667104,0.667104,1.149,2.0
orbit_20.0deg,269,25161,2605,22556,0,0,0.896467,0.896467,1.194,2.0
orbit_20.0deg,270,25161,1637,23524,0,0,0.934939,0.934939,1.240,2.0
orbit_20.0deg,271,25161,1347,23814,0,0,0.946465,0.946465,1.178,2.0
orbit_20.0deg,272,25161,1556,23605,0,0,0.938158,0.938158,1.165,2.0
orbit_20.0deg,273,25161,2177,22984,0,0,0.913477,0.913477,1.216,2.0
orbit_20.0deg,274,25161,3897,21264,0,0,0.845117,0.845117,1.228,2.0
orbit_20.0deg,275,25161,5252,19909,0,0,0.791264,0.791264,1.202,2.0
orbit_20.0deg,276,25161,11957,13204,0,0,0.524780,0.524780,1.271,2.0
orbit_20.0deg,277,25161,9502,15659,0,0,0.622352,0.622352,1.230,2.0
orbit_20.0deg,278,25161,5550,19611,0,0,0.779421,0.779421,1.299,2.0
orbit_20.0deg,279,25161,1879,23282,0,0,0.925321,0.925321,1.535,3.0
orbit_20.0deg,280,25161,1999,23162,0,0,0.920552,0.920552,1.691,3.0
orbit_20.0deg,281,25161,1671,23490,0,0,0.933588,0.933588,1.654,3.0
orbit_20.0deg,282,25161,1663,23498,0,0,0.933906,0.933906,1.470,3.0
orbit_20.0deg,283,25161,3582,21579,0,0,0.857637,0.857637,1.305,2.0
orbit_20.0deg,284,25161,11085,14076,0,0,0.559437,0.559437,1.229,2.0
orbit_20.0deg,285,25161,10299,14862,0,0,0.590676,0.590676,1.208,2.0
orbit_20.0deg,286,25161,8376,16785,0,0,0.667104,0.667104,1.149,2.0
orbit_20.0deg,287,25161,2605,22556,0,0,0.896467,0.896467,1.194,2.0
orbit_20.0deg,288,25161,1637,23524,0,0,0.934939,0.934939,1.240,2.0
orbit_20.0deg,289,25161,1347,23814,0,0,0.946465,0.946465,1.178,2.0
orbit_20.0deg,290,25161,1556,23605,0,0,0.938158,0.938158,1.165,2.0
orbit_20.0deg,291,25161,2177,22984,0,0,0.913477,0.913477,1.216,2.0
orbit_20.0deg,292,25161,3897,21264,0,0,0.845117,0.845117,1.228,2.0
orbit_20.0deg,293,25161,5252,19909,0,0,0.791264,0.791264,1.202,2.0
orbit_20.0deg,294,25161,11957,13204,0,0,0.524780,0.524780,1.271,2.0
orbit_20.0deg,295,25161,9502,15659,0,0,0.622352,0.622352,1.230,2.0
orbit_20.0deg,296,25161,5550,19611,0,0,0.779421,0.779421,1.299,2.0
orbit_20.0deg,297,25161,1879,23282,0,0,0.925321,0.925321,1.535,3.0
orbit_20.0deg,298,25161,1999,23162,0,0,0.920552,0.920552,1.691,3.0
orbit_20.0deg,299,25161,1671,23490,0,0,0.933588,0.933588,1.654,3.0
pure_rotation_1deg,0,25161,0,0,25161,0,0.000000,1.000000,0.000,0.0
pure_rotation_1deg,1,25161,16510,8651,0,0,0.343826,0.343826,1.003,1.0
pure_rotation_1deg,2,25161,15397,9764,0,0,0.388061,0.388061,1.006,1.0
pure_rotation_1deg,3,25161,17451,7710,0,0,0.306427,0.306427,1.008,1.0
pure_rotation_1deg,4,25161,15896,9265,0,0,0.368229,0.368229,1.009,1.0
pure_rotation_1deg,5,25161,15717,9444,0,0,0.375343,0.375343,1.008,1.0
pure_rotation_1deg,6,25161,17166,7995,0,0,0.317754,0.317754,1.011,1.0
pure_rotation_1deg,7,25161,15146,10015,0,0,0.398037,0.398037,1.018,1.0
pure_rotation_1deg,8,25161,16297,8864,0,0,0.352291,0.352291,1.013,1.0
pure_rotation_1deg,9,25161,16800,8361,0,0,0.332300,0.332300,1.014,1.0
pure_rotation_1deg,10,25161,14409,10752,0,0,0.427328,0.427328,1.023,1.0
pure_rotation_1deg,11,25161,16461,8700,0,0,0.345773,0.345773,1.019,1.0
pure_rotation_1deg,12,25161,16732,8429,0,0,0.335003,0.335003,1.018,1.0
pure_rotation_1deg,13,25161,13816,11345,0,0,0.450896,0.450896,1.018,1.0
pure_rotation_1deg,14,25161,16684,8477,0,0,0.336910,0.336910,1.018,1.0
pure_rotation_1deg,15,25161,15452,9709,0,0,0.385875,0.385875,1.014,1.0
pure_rotation_1deg,16,25161,14978,10183,0,0,0.404714,0.404714,1.018,1.0
pure_rotation_1deg,17,25161,16257,8904,0,0,0.353881,0.353881,1.018,1.0
pure_rotation_1deg,18,25161,13962,11199,0,0,0.445094,0.445094,1.014,1.0
pure_rotation_1deg,19,25161,15593,9568,0,0,0.380271,0.380271,1.017,1.0
pure_rotation_1deg,20,25161,15321,9840,0,0,0.391081,0.391081,1.017,1.0
pure_rotation_1deg,21,25161,13685,11476,0,0,0.456103,0.456103,1.018,1.0
pure_rotation_1deg,22,25161,15908,9253,0,0,0.367752,0.367752,1.016,1.0
pure_rotation_1deg,23,25161,13112,12049,0,0,0.478876,0.478876,1.021,1.0
pure_rotation_1deg,24,25161,15005,10156,0,0,0.403641,0.403641,1.024,1.0
pure_rotation_1deg,25,25161,13365,11796,0,0,0.468821,0.468821,1.016,1.0
pure_rotation_1deg,26,25160,13754,11406,0,1,0.453339,0.453339,1.020,1.0
pure_rotation_1deg,27,25160,14341,10819,0,0,0.430008,0.430008,1.024,1.0
pure_rotation_1deg,28,25160,12577,12583,0,0,0.500119,0.500119,1.016,1.0
pure_rotation_1deg,29,25156,14255,10901,0,4,0.433336,0.433336,1.024,1.0
pure_rotation_1deg,30,25151,11918,13233,0,5,0.526142,0.526142,1.030,1.0
pure_rotation_1deg,31,25124,13151,11973,0,27,0.476556,0.476556,1.032,1.0
pure_rotation_1deg,32,25084,11444,13640,0,40,0.543773,0.543773,1.043,1.0
pure_rotation_1deg,33,25009,11931,13078,0,75,0.522932,0.522932,1.051,2.0
pure_rotation_1deg,34,24948,11300,13648,0,61,0.547058,0.547058,1.058,2.0
pure_rotation_1deg,35,24788,10354,14434,0,160,0.582298,0.582298,1.077,2.0
pure_rotation_1deg,36,24313,11218,13095,0,475,0.538601,0.538601,1.064,2.0
pure_rotation_1deg,37,23975,8907,15068,0,338,0.628488,0.628488,1.050,1.0
pure_rotation_1deg,38,23644,10639,13005,0,331,0.550034,0.550034,1.062,2.0
pure_rotation_1deg,39,23112,8153,14959,0,532,0.647240,0.647240,1.059,2.0
pure_rotation_1deg,40,21820,8411,13409,0,1292,0.614528,0.614528,1.064,2.0
pure_rotation_1deg,41,19804,7698,12106,0,2016,0.611291,0.611291,1.078,2.0
pure_rotation_1deg,42,16053,6147,9906,0,3751,0.617081,0.617081,1.051,2.0
pure_rotation_1deg,43,12117,5102,7015,0,3936,0.578939,0.578939,1.052,2.0
pure_rotation_1deg,44,7364,3295,4069,0,4753,0.552553,0.552553,1.072,2.0
pure_rotation_1deg,45,4746,2130,2616,0,2618,0.551201,0.551201,1.045,1.0
pure_rotation_1deg,46,4022,1820,2202,0,724,0.547489,0.547489,1.040,1.0
pure_rotation_1deg,47,3193,1273,1920,0,829,0.601315,0.601315,1.051,2.0
pure_rotation_1deg,48,2744,1325,1419,0,449,0.517128,0.517128,1.043,1.0
pure_rotation_1deg,49,2379,1015,1364,0,365,0.573350,0.573350,1.044,1.0
pure_rotation_1deg,50,2264,930,1334,0,115,0.589223,0.589223,1.055,2.0
pure_rotation_1deg,51,2057,987,1070,0,207,0.520175,0.520175,1.028,1.0
pure_rotation_1deg,52,1897,635,1262,0,160,0.665261,0.665261,1.037,1.0
pure_rotation_1deg,53,1665,779,886,0,232,0.532132,0.532132,1.020,1.0
pure_rotation_1deg,54,1585,556,1029,0,80,0.649211,0.649211,1.016,1.0
pure_rotation_1deg,55,1342,615,727,0,243,0.541729,0.541729,1.018,1.0
pure_rotation_1deg,56,1099,417,682,0,243,0.620564,0.620564,1.034,1.0
pure_rotation_1deg,57,779,316,463,0,320,0.594352,0.594352,1.028,1.0
pure_rotation_1deg,58,671,271,400,0,108,0.596125,0.596125,1.038,1.0
pure_rotation_1deg,59,551,209,342,0,120,0.620690,0.620690,1.061,2.0
pure_rotation_1deg,60,362,155,207,0,189,0.571823,0.571823,1.101,2.0
pure_rotation_1deg,61,302,104,198,0,60,0.655629,0.655629,1.030,1.0
pure_rotation_1deg,62,207,75,132,0,95,0.637681,0.637681,1.023,1.0
pure_rotation_1deg,63,147,48,99,0,60,0.673469,0.673469,1.061,2.0
pure_rotation_1deg,64,81,50,31,0,66,0.382716,0.382716,1.065,1.0
pure_rotation_1deg,65,49,19,30,0,32,0.612245,0.612245,1.167,2.0
pure_rotation_1deg,66,24,5,19,0,25,0.791667,0.791667,1.105,2.0
pure_rotation_1deg,67,4,3,1,0,20,0.250000,0.250000,1.000,1.0
pure_rotation_1deg,68,0,0,0,0,4,0.000000,0.000000,0.000,0.0
pure_rotation_1deg,69,0,0,0,0,0,0.000000,0.000000,0.000,0.0
pure_rotation_1deg,70,0,0,0,0,0,0.000000,0.000000,0.000,0.0
pure_rotation_1deg,71,0,0,0,0,0,0.000000,0.000000,0.000,0.0
pure_rotation_1deg,72,0,0,0,0,0,0.000000,0.000000,0.000,0.0
pure_rotation_1deg,73,0,0,0,0,0,0.000000,0.000000,0.000,0.0
pure_rotation_1deg,74,0,0,0,0,0,0.000000,0.000000,0.000,0.0
pure_rotation_1deg,75,0,0,0,0,0,0.000000,0.000000,0.000,0.0
pure_rotation_1deg,76,0,0,0,0,0,0.000000,0.000000,0.000,0.0
pure_rotation_1deg,77,0,0,0,0,0,0.000000,0.000000,0.000,0.0
pure_rotation_1deg,78,0,0,0,0,0,0.000000,0.000000,0.000,0.0
pure_rotation_1deg,79,0,0,0,0,0,0.000000,0.000000,0.000,0.0
pure_rotation_1deg,80,0,0,0,0,0,0.000000,0.000000,0.000,0.0
pure_rotation_1deg,81,0,0,0,0,0,0.000000,0.000000,0.000,0.0
pure_rotation_1deg,82,0,0,0,0,0,0.000000,0.000000,0.000,0.0
pure_rotation_1deg,83,0,0,0,0,0,0.000000,0.000000,0.000,0.0
pure_rotation_1deg,84,0,0,0,0,0,0.000000,0.000000,0.000,0.0
pure_rotation_1deg,85,0,0,0,0,0,0.000000,0.000000,0.000,0.0
pure_rotation_1deg,86,0,0,0,0,0,0.000000,0.000000,0.000,0.0
pure_rotation_1deg,87,0,0,0,0,0,0.000000,0.000000,0.000,0.0
pure_rotation_1deg,88,0,0,0,0,0,0.000000,0.000000,0.000,0.0
pure_rotation_1deg,89,0,0,0,0,0,0.000000,0.000000,0.000,0.0
pure_rotation_1deg,90,0,0,0,0,0,0.000000,0.000000,0.000,0.0
pure_rotation_1deg,91,0,0,0,0,0,0.000000,0.000000,0.000,0.0
pure_rotation_1deg,92,0,0,0,0,0,0.000000,0.000000,0.000,0.0
pure_rotation_1deg,93,0,0,0,0,0,0.000000,0.000000,0.000,0.0
pure_rotation_1deg,94,0,0,0,0,0,0.000000,0.000000,0.000,0.0
pure_rotation_1deg,95,0,0,0,0,0,0.000000,0.000000,0.000,0.0
pure_rotation_1deg,96,0,0,0,0,0,0.000000,0.000000,0.000,0.0
pure_rotation_1deg,97,0,0,0,0,0,0.000000,0.000000,0.000,0.0
pure_rotation_1deg,98,0,0,0,0,0,0.000000,0.000000,0.000,0.0
pure_rotation_1deg,99,0,0,0,0,0,0.000000,0.000000,0.000,0.0
pure_rotation_1deg,100,0,0,0,0,0,0.000000,0.000000,0.000,0.0
pure_rotation_1deg,101,0,0,0,0,0,0.000000,0.000000,0.000,0.0
pure_rotation_1deg,102,0,0,0,0,0,0.000000,0.000000,0.000,0.0
pure_rotation_1deg,103,0,0,0,0,0,0.000000,0.000000,0.000,0.0
pure_rotation_1deg,104,0,0,0,0,0,0.000000,0.000000,0.000,0.0
pure_rotation_1deg,105,0,0,0,0,0,0.000000,0.000000,0.000,0.0
pure_rotation_1deg,106,0,0,0,0,0,0.000000,0.000000,0.000,0.0
pure_rotation_1deg,107,0,0,0,0,0,0.000000,0.000000,0.000,0.0
pure_rotation_1deg,108,0,0,0,0,0,0.000000,0.000000,0.000,0.0
pure_rotation_1deg,109,0,0,0,0,0,0.000000,0.000000,0.000,0.0
pure_rotation_1deg,110,0,0,0,0,0,0.000000,0.000000,0.000,0.0
pure_rotation_1deg,111,0,0,0,0,0,0.000000,0.000000,0.000,0.0
pure_rotation_1deg,112,0,0,0,0,0,0.000000,0.000000,0.000,0.0
pure_rotation_1deg,113,0,0,0,0,0,0.000000,0.000000,0.000,0.0
pure_rotation_1deg,114,0,0,0,0,0,0.000000,0.000000,0.000,0.0
pure_rotation_1deg,115,0,0,0,0,0,0.000000,0.000000,0.000,0.0
pure_rotation_1deg,116,0,0,0,0,0,0.000000,0.000000,0.000,0.0
pure_rotation_1deg,117,0,0,0,0,0,0.000000,0.000000,0.000,0.0
pure_rotation_1deg,118,0,0,0,0,0,0.000000,0.000000,0.000,0.0
pure_rotation_1deg,119,0,0,0,0,0,0.000000,0.000000,0.000,0.0
pure_rotation_1deg,120,0,0,0,0,0,0.000000,0.000000,0.000,0.0
pure_rotation_1deg,121,0,0,0,0,0,0.000000,0.000000,0.000,0.0
pure_rotation_1deg,122,0,0,0,0,0,0.000000,0.000000,0.000,0.0
pure_rotation_1deg,123,0,0,0,0,0,0.000000,0.000000,0.000,0.0
pure_rotation_1deg,124,0,0,0,0,0,0.000000,0.000000,0.000,0.0
pure_rotation_1deg,125,0,0,0,0,0,0.000000,0.000000,0.000,0.0
pure_rotation_1deg,126,0,0,0,0,0,0.000000,0.000000,0.000,0.0
pure_rotation_1deg,127,0,0,0,0,0,0.000000,0.000000,0.000,0.0
pure_rotation_1deg,128,0,0,0,0,0,0.000000,0.000000,0.000,0.0
pure_rotation_1deg,129,0,0,0,0,0,0.000000,0.000000,0.000,0.0
pure_rotation_1deg,130,0,0,0,0,0,0.000000,0.000000,0.000,0.0
pure_rotation_1deg,131,0,0,0,0,0,0.000000,0.000000,0.000,0.0
pure_rotation_1deg,132,0,0,0,0,0,0.000000,0.000000,0.000,0.0
pure_rotation_1deg,133,0,0,0,0,0,0.000000,0.000000,0.000,0.0
pure_rotation_1deg,134,0,0,0,0,0,0.000000,0.000000,0.000,0.0
pure_rotation_1deg,135,0,0,0,0,0,0.000000,0.000000,0.000,0.0
pure_rotation_1deg,136,0,0,0,0,0,0.000000,0.000000,0.000,0.0
pure_rotation_1deg,137,0,0,0,0,0,0.000000,0.000000,0.000,0.0
pure_rotation_1deg,138,0,0,0,0,0,0.000000,0.000000,0.000,0.0
pure_rotation_1deg,139,0,0,0,0,0,0.000000,0.000000,0.000,0.0
pure_rotation_1deg,140,0,0,0,0,0,0.000000,0.000000,0.000,0.0
pure_rotation_1deg,141,0,0,0,0,0,0.000000,0.000000,0.000,0.0
pure_rotation_1deg,142,0,0,0,0,0,0.000000,0.000000,0.000,0.0
pure_rotation_1deg,143,0,0,0,0,0,0.000000,0.000000,0.000,0.0
pure_rotation_1deg,144,0,0,0,0,0,0.000000,0.000000,0.000,0.0
pure_rotation_1deg,145,0,0,0,0,0,0.000000,0.000000,0.000,0.0
pure_rotation_1deg,146,0,0,0,0,0,0.000000,0.000000,0.000,0.0
pure_rotation_1deg,147,0,0,0,0,0,0.000000,0.000000,0.000,0.0
pure_rotation_1deg,148,0,0,0,0,0,0.000000,0.000000,0.000,0.0
pure_rotation_1deg,149,0,0,0,0,0,0.000000,0.000000,0.000,0.0
pure_rotation_1deg,150,0,0,0,0,0,0.000000,0.000000,0.000,0.0
pure_rotation_1deg,151,0,0,0,0,0,0.000000,0.000000,0.000,0.0
pure_rotation_1deg,152,0,0,0,0,0,0.000000,0.000000,0.000,0.0
pure_rotation_1deg,153,0,0,0,0,0,0.000000,0.000000,0.000,0.0
pure_rotation_1deg,154,0,0,0,0,0,0.000000,0.000000,0.000,0.0
pure_rotation_1deg,155,0,0,0,0,0,0.000000,0.000000,0.000,0.0
pure_rotation_1deg,156,0,0,0,0,0,0.000000,0.000000,0.000,0.0
pure_rotation_1deg,157,0,0,0,0,0,0.000000,0.000000,0.000,0.0
pure_rotation_1deg,158,0,0,0,0,0,0.000000,0.000000,0.000,0.0
pure_rotation_1deg,159,0,0,0,0,0,0.000000,0.000000,0.000,0.0
pure_rotation_1deg,160,0,0,0,0,0,0.000000,0.000000,0.000,0.0
pure_rotation_1deg,161,0,0,0,0,0,0.000000,0.000000,0.000,0.0
pure_rotation_1deg,162,0,0,0,0,0,0.000000,0.000000,0.000,0.0
pure_rotation_1deg,163,0,0,0,0,0,0.000000,0.000000,0.000,0.0
pure_rotation_1deg,164,0,0,0,0,0,0.000000,0.000000,0.000,0.0
pure_rotation_1deg,165,0,0,0,0,0,0.000000,0.000000,0.000,0.0
pure_rotation_1deg,166,0,0,0,0,0,0.000000,0.000000,0.000,0.0
pure_rotation_1deg,167,0,0,0,0,0,0.000000,0.000000,0.000,0.0
pure_rotation_1deg,168,0,0,0,0,0,0.000000,0.000000,0.000,0.0
pure_rotation_1deg,169,0,0,0,0,0,0.000000,0.000000,0.000,0.0
pure_rotation_1deg,170,0,0,0,0,0,0.000000,0.000000,0.000,0.0
pure_rotation_1deg,171,0,0,0,0,0,0.000000,0.000000,0.000,0.0
pure_rotation_1deg,172,0,0,0,0,0,0.000000,0.000000,0.000,0.0
pure_rotation_1deg,173,0,0,0,0,0,0.000000,0.000000,0.000,0.0
pure_rotation_1deg,174,0,0,0,0,0,0.000000,0.000000,0.000,0.0
pure_rotation_1deg,175,0,0,0,0,0,0.000000,0.000000,0.000,0.0
pure_rotation_1deg,176,0,0,0,0,0,0.000000,0.000000,0.000,0.0
pure_rotation_1deg,177,0,0,0,0,0,0.000000,0.000000,0.000,0.0
pure_rotation_1deg,178,0,0,0,0,0,0.000000,0.000000,0.000,0.0
pure_rotation_1deg,179,0,0,0,0,0,0.000000,0.000000,0.000,0.0
pure_rotation_1deg,180,0,0,0,0,0,0.000000,0.000000,0.000,0.0
pure_rotation_1deg,181,0,0,0,0,0,0.000000,0.000000,0.000,0.0
pure_rotation_1deg,182,0,0,0,0,0,0.000000,0.000000,0.000,0.0
pure_rotation_1deg,183,0,0,0,0,0,0.000000,0.000000,0.000,0.0
pure_rotation_1deg,184,0,0,0,0,0,0.000000,0.000000,0.000,0.0
pure_rotation_1deg,185,0,0,0,0,0,0.000000,0.000000,0.000,0.0
pure_rotation_1deg,186,0,0,0,0,0,0.000000,0.000000,0.000,0.0
pure_rotation_1deg,187,0,0,0,0,0,0.000000,0.000000,0.000,0.0
pure_rotation_1deg,188,0,0,0,0,0,0.000000,0.000000,0.000,0.0
pure_rotation_1deg,189,0,0,0,0,0,0.000000,0.000000,0.000,0.0
pure_rotation_1deg,190,0,0,0,0,0,0.000000,0.000000,0.000,0.0
pure_rotation_1deg,191,0,0,0,0,0,0.000000,0.000000,0.000,0.0
pure_rotation_1deg,192,0,0,0,0,0,0.000000,0.000000,0.000,0.0
pure_rotation_1deg,193,0,0,0,0,0,0.000000,0.000000,0.000,0.0
pure_rotation_1deg,194,0,0,0,0,0,0.000000,0.000000,0.000,0.0
pure_rotation_1deg,195,0,0,0,0,0,0.000000,0.000000,0.000,0.0
pure_rotation_1deg,196,0,0,0,0,0,0.000000,0.000000,0.000,0.0
pure_rotation_1deg,197,0,0,0,0,0,0.000000,0.000000,0.000,0.0
pure_rotation_1deg,198,0,0,0,0,0,0.000000,0.000000,0.000,0.0
pure_rotation_1deg,199,0,0,0,0,0,0.000000,0.000000,0.000,0.0
pure_rotation_1deg,200,0,0,0,0,0,0.000000,0.000000,0.000,0.0
pure_rotation_1deg,201,0,0,0,0,0,0.000000,0.000000,0.000,0.0
pure_rotation_1deg,202,0,0,0,0,0,0.000000,0.000000,0.000,0.0
pure_rotation_1deg,203,0,0,0,0,0,0.000000,0.000000,0.000,0.0
pure_rotation_1deg,204,0,0,0,0,0,0.000000,0.000000,0.000,0.0
pure_rotation_1deg,205,0,0,0,0,0,0.000000,0.000000,0.000,0.0
pure_rotation_1deg,206,0,0,0,0,0,0.000000,0.000000,0.000,0.0
pure_rotation_1deg,207,0,0,0,0,0,0.000000,0.000000,0.000,0.0
pure_rotation_1deg,208,0,0,0,0,0,0.000000,0.000000,0.000,0.0
pure_rotation_1deg,209,0,0,0,0,0,0.000000,0.000000,0.000,0.0
pure_rotation_1deg,210,0,0,0,0,0,0.000000,0.000000,0.000,0.0
pure_rotation_1deg,211,0,0,0,0,0,0.000000,0.000000,0.000,0.0
pure_rotation_1deg,212,0,0,0,0,0,0.000000,0.000000,0.000,0.0
pure_rotation_1deg,213,0,0,0,0,0,0.000000,0.000000,0.000,0.0
pure_rotation_1deg,214,0,0,0,0,0,0.000000,0.000000,0.000,0.0
pure_rotation_1deg,215,0,0,0,0,0,0.000000,0.000000,0.000,0.0
pure_rotation_1deg,216,0,0,0,0,0,0.000000,0.000000,0.000,0.0
pure_rotation_1deg,217,0,0,0,0,0,0.000000,0.000000,0.000,0.0
pure_rotation_1deg,218,0,0,0,0,0,0.000000,0.000000,0.000,0.0
pure_rotation_1deg,219,0,0,0,0,0,0.000000,0.000000,0.000,0.0
pure_rotation_1deg,220,0,0,0,0,0,0.000000,0.000000,0.000,0.0
pure_rotation_1deg,221,0,0,0,0,0,0.000000,0.000000,0.000,0.0
pure_rotation_1deg,222,0,0,0,0,0,0.000000,0.000000,0.000,0.0
pure_rotation_1deg,223,0,0,0,0,0,0.000000,0.000000,0.000,0.0
pure_rotation_1deg,224,0,0,0,0,0,0.000000,0.000000,0.000,0.0
pure_rotation_1deg,225,0,0,0,0,0,0.000000,0.000000,0.000,0.0
pure_rotation_1deg,226,0,0,0,0,0,0.000000,0.000000,0.000,0.0
pure_rotation_1deg,227,0,0,0,0,0,0.000000,0.000000,0.000,0.0
pure_rotation_1deg,228,0,0,0,0,0,0.000000,0.000000,0.000,0.0
pure_rotation_1deg,229,0,0,0,0,0,0.000000,0.000000,0.000,0.0
pure_rotation_1deg,230,0,0,0,0,0,0.000000,0.000000,0.000,0.0
pure_rotation_1deg,231,0,0,0,0,0,0.000000,0.000000,0.000,0.0
pure_rotation_1deg,232,0,0,0,0,0,0.000000,0.000000,0.000,0.0
pure_rotation_1deg,233,0,0,0,0,0,0.000000,0.000000,0.000,0.0
pure_rotation_1deg,234,0,0,0,0,0,0.000000,0.000000,0.000,0.0
pure_rotation_1deg,235,0,0,0,0,0,0.000000,0.000000,0.000,0.0
pure_rotation_1deg,236,0,0,0,0,0,0.000000,0.000000,0.000,0.0
pure_rotation_1deg,237,0,0,0,0,0,0.000000,0.000000,0.000,0.0
pure_rotation_1deg,238,0,0,0,0,0,0.000000,0.000000,0.000,0.0
pure_rotation_1deg,239,0,0,0,0,0,0.000000,0.000000,0.000,0.0
pure_rotation_1deg,240,0,0,0,0,0,0.000000,0.000000,0.000,0.0
pure_rotation_1deg,241,0,0,0,0,0,0.000000,0.000000,0.000,0.0
pure_rotation_1deg,242,0,0,0,0,0,0.000000,0.000000,0.000,0.0
pure_rotation_1deg,243,0,0,0,0,0,0.000000,0.000000,0.000,0.0
pure_rotation_1deg,244,0,0,0,0,0,0.000000,0.000000,0.000,0.0
pure_rotation_1deg,245,0,0,0,0,0,0.000000,0.000000,0.000,0.0
pure_rotation_1deg,246,0,0,0,0,0,0.000000,0.000000,0.000,0.0
pure_rotation_1deg,247,0,0,0,0,0,0.000000,0.000000,0.000,0.0
pure_rotation_1deg,248,0,0,0,0,0,0.000000,0.000000,0.000,0.0
pure_rotation_1deg,249,0,0,0,0,0,0.000000,0.000000,0.000,0.0
pure_rotation_1deg,250,0,0,0,0,0,0.000000,0.000000,0.000,0.0
pure_rotation_1deg,251,0,0,0,0,0,0.000000,0.000000,0.000,0.0
pure_rotation_1deg,252,0,0,0,0,0,0.000000,0.000000,0.000,0.0
pure_rotation_1deg,253,0,0,0,0,0,0.000000,0.000000,0.000,0.0
pure_rotation_1deg,254,0,0,0,0,0,0.000000,0.000000,0.000,0.0
pure_rotation_1deg,255,0,0,0,0,0,0.000000,0.000000,0.000,0.0
pure_rotation_1deg,256,0,0,0,0,0,0.000000,0.000000,0.000,0.0
pure_rotation_1deg,257,0,0,0,0,0,0.000000,0.000000,0.000,0.0
pure_rotation_1deg,258,0,0,0,0,0,0.000000,0.000000,0.000,0.0
pure_rotation_1deg,259,0,0,0,0,0,0.000000,0.000000,0.000,0.0
pure_rotation_1deg,260,0,0,0,0,0,0.000000,0.000000,0.000,0.0
pure_rotation_1deg,261,0,0,0,0,0,0.000000,0.000000,0.000,0.0
pure_rotation_1deg,262,0,0,0,0,0,0.000000,0.000000,0.000,0.0
pure_rotation_1deg,263,0,0,0,0,0,0.000000,0.000000,0.000,0.0
pure_rotation_1deg,264,0,0,0,0,0,0.000000,0.000000,0.000,0.0
pure_rotation_1deg,265,0,0,0,0,0,0.000000,0.000000,0.000,0.0
pure_rotation_1deg,266,0,0,0,0,0,0.000000,0.000000,0.000,0.0
pure_rotation_1deg,267,0,0,0,0,0,0.000000,0.000000,0.000,0.0
pure_rotation_1deg,268,0,0,0,0,0,0.000000,0.000000,0.000,0.0
pure_rotation_1deg,269,0,0,0,0,0,0.000000,0.000000,0.000,0.0
pure_rotation_1deg,270,0,0,0,0,0,0.000000,0.000000,0.000,0.0
pure_rotation_1deg,271,0,0,0,0,0,0.000000,0.000000,0.000,0.0
pure_rotation_1deg,272,0,0,0,0,0,0.000000,0.000000,0.000,0.0
pure_rotation_1deg,273,0,0,0,0,0,0.000000,0.000000,0.000,0.0
pure_rotation_1deg,274,0,0,0,0,0,0.000000,0.000000,0.000,0.0
pure_rotation_1deg,275,0,0,0,0,0,0.000000,0.000000,0.000,0.0
pure_rotation_1deg,276,0,0,0,0,0,0.000000,0.000000,0.000,0.0
pure_rotation_1deg,277,0,0,0,0,0,0.000000,0.000000,0.000,0.0
pure_rotation_1deg,278,0,0,0,0,0,0.000000,0.000000,0.000,0.0
pure_rotation_1deg,279,0,0,0,0,0,0.000000,0.000000,0.000,0.0
pure_rotation_1deg,280,0,0,0,0,0,0.000000,0.000000,0.000,0.0
pure_rotation_1deg,281,0,0,0,0,0,0.000000,0.000000,0.000,0.0
pure_rotation_1deg,282,0,0,0,0,0,0.000000,0.000000,0.000,0.0
pure_rotation_1deg,283,0,0,0,0,0,0.000000,0.000000,0.000,0.0
pure_rotation_1deg,284,0,0,0,0,0,0.000000,0.000000,0.000,0.0
pure_rotation_1deg,285,0,0,0,0,0,0.000000,0.000000,0.000,0.0
pure_rotation_1deg,286,0,0,0,0,0,0.000000,0.000000,0.000,0.0
pure_rotation_1deg,287,0,0,0,0,0,0.000000,0.000000,0.000,0.0
pure_rotation_1deg,288,0,0,0,0,0,0.000000,0.000000,0.000,0.0
pure_rotation_1deg,289,0,0,0,0,0,0.000000,0.000000,0.000,0.0
pure_rotation_1deg,290,0,0,0,0,0,0.000000,0.000000,0.000,0.0
pure_rotation_1deg,291,0,0,0,0,0,0.000000,0.000000,0.000,0.0
pure_rotation_1deg,292,0,0,0,0,0,0.000000,0.000000,0.000,0.0
pure_rotation_1deg,293,0,0,0,0,0,0.000000,0.000000,0.000,0.0
pure_rotation_1deg,294,0,0,0,0,0,0.000000,0.000000,0.000,0.0
pure_rotation_1deg,295,1,0,0,1,0,0.000000,1.000000,0.000,0.0
pure_rotation_1deg,296,1,0,1,0,0,1.000000,1.000000,1.000,1.0
pure_rotation_1deg,297,1,1,0,0,0,0.000000,0.000000,0.000,0.0
pure_rotation_1deg,298,7,0,1,6,0,1.000000,1.000000,1.000,1.0
pure_rotation_1deg,299,23,3,4,16,0,0.571429,0.869565,1.000,1.0
pure_translation,0,25161,0,0,25161,0,0.000000,1.000000,0.000,0.0
pure_translation,1,25161,25125,36,0,0,0.001431,0.001431,1.000,1.0
pure_translation,2,25161,25124,37,0,0,0.001471,0.001471,1.000,1.0
pure_translation,3,25161,25110,51,0,0,0.002027,0.002027,1.000,1.0
pure_translation,4,25161,25101,60,0,0,0.002385,0.002385,1.000,1.0
pure_translation,5,25161,25092,69,0,0,0.002742,0.002742,1.000,1.0
pure_translation,6,25161,25094,67,0,0,0.002663,0.002663,1.000,1.0
pure_translation,7,25161,25101,60,0,0,0.002385,0.002385,1.000,1.0
pure_translation,8,25161,25106,55,0,0,0.002186,0.002186,1.000,1.0
pure_translation,9,25161,25100,61,0,0,0.002424,0.002424,1.000,1.0
pure_translation,10,25161,25117,44,0,0,0.001749,0.001749,1.000,1.0
pure_translation,11,25161,25104,57,0,0,0.002265,0.002265,1.000,1.0
pure_translation,12,25161,25111,50,0,0,0.001987,0.001987,1.000,1.0
pure_translation,13,25161,25096,65,0,0,0.002583,0.002583,1.000,1.0
pure_translation,14,25161,25085,76,0,0,0.003021,0.003021,1.000,1.0
pure_translation,15,25161,25108,53,0,0,0.002106,0.002106,1.000,1.0
pure_translation,16,25161,25100,61,0,0,0.002424,0.002424,1.000,1.0
pure_translation,17,25161,25101,60,0,0,0.002385,0.002385,1.000,1.0
pure_translation,18,25161,25098,63,0,0,0.002504,0.002504,1.000,1.0
pure_translation,19,25161,25105,56,0,0,0.002226,0.002226,1.000,1.0
pure_translation,20,25161,25114,47,0,0,0.001868,0.001868,1.000,1.0
pure_translation,21,25161,25102,59,0,0,0.002345,0.002345,1.000,1.0
pure_translation,22,25161,25098,63,0,0,0.002504,0.002504,1.000,1.0
pure_translation,23,25161,25087,74,0,0,0.002941,0.002941,1.000,1.0
pure_translation,24,25161,25097,64,0,0,0.002544,0.002544,1.000,1.0
pure_translation,25,25161,25095,66,0,0,0.002623,0.002623,1.000,1.0
pure_translation,26,25161,25105,56,0,0,0.002226,0.002226,1.000,1.0
pure_translation,27,25161,25100,61,0,0,0.002424,0.002424,1.000,1.0
pure_translation,28,25161,25102,59,0,0,0.002345,0.002345,1.000,1.0
pure_translation,29,25161,25096,65,0,0,0.002583,0.002583,1.000,1.0
pure_translation,30,25161,25101,60,0,0,0.002385,0.002385,1.000,1.0
pure_translation,31,25161,25097,64,0,0,0.002544,0.002544,1.000,1.0
pure_translation,32,25161,25098,63,0,0,0.002504,0.002504,1.000,1.0
pure_translation,33,25161,25108,53,0,0,0.002106,0.002106,1.000,1.0
pure_translation,34,25161,25099,62,0,0,0.002464,0.002464,1.000,1.0
pure_translation,35,25161,25104,57,0,0,0.002265,0.002265,1.000,1.0
pure_translation,36,25161,25080,81,0,0,0.003219,0.003219,1.000,1.0
pure_translation,37,25161,25092,69,0,0,0.002742,0.002742,1.000,1.0
pure_translation,38,25161,25094,67,0,0,0.002663,0.002663,1.000,1.0
pure_translation,39,25161,25111,50,0,0,0.001987,0.001987,1.000,1.0
pure_translation,40,25161,25108,53,0,0,0.002106,0.002106,1.000,1.0
pure_translation,41,25161,25092,69,0,0,0.002742,0.002742,1.000,1.0
pure_translation,42,25161,25099,62,0,0,0.002464,0.002464,1.000,1.0
pure_translation,43,25161,25089,72,0,0,0.002862,0.002862,1.000,1.0
pure_translation,44,25161,25092,69,0,0,0.002742,0.002742,1.000,1.0
pure_translation,45,25161,25093,68,0,0,0.002703,0.002703,1.000,1.0
pure_translation,46,25161,25098,63,0,0,0.002504,0.002504,1.000,1.0
pure_translation,47,25161,25099,62,0,0,0.002464,0.002464,1.000,1.0
pure_translation,48,25161,25103,58,0,0,0.002305,0.002305,1.000,1.0
pure_translation,49,25161,25094,67,0,0,0.002663,0.002663,1.000,1.0
pure_translation,50,25161,25101,60,0,0,0.002385,0.002385,1.000,1.0
pure_translation,51,25161,25089,72,0,0,0.002862,0.002862,1.000,1.0
pure_translation,52,25161,25097,64,0,0,0.002544,0.002544,1.000,1.0
pure_translation,53,25161,25094,67,0,0,0.002663,0.002663,1.000,1.0
pure_translation,54,25161,25110,51,0,0,0.002027,0.002027,1.000,1.0
pure_translation,55,25161,25088,73,0,0,0.002901,0.002901,1.000,1.0
pure_translation,56,25161,25087,74,0,0,0.002941,0.002941,1.000,1.0
pure_translation,57,25161,25096,65,0,0,0.002583,0.002583,1.000,1.0
pure_translation,58,25161,25089,72,0,0,0.002862,0.002862,1.000,1.0
pure_translation,59,25161,25098,63,0,0,0.002504,0.002504,1.000,1.0
pure_translation,60,25161,25097,64,0,0,0.002544,0.002544,1.000,1.0
pure_translation,61,25161,25093,68,0,0,0.002703,0.002703,1.000,1.0
pure_translation,62,25161,25096,65,0,0,0.002583,0.002583,1.000,1.0
pure_translation,63,25161,25092,69,0,0,0.002742,0.002742,1.000,1.0
pure_translation,64,25161,25099,62,0,0,0.002464,0.002464,1.000,1.0
pure_translation,65,25161,25105,56,0,0,0.002226,0.002226,1.018,1.0
pure_translation,66,25161,25088,73,0,0,0.002901,0.002901,1.000,1.0
pure_translation,67,25161,25105,56,0,0,0.002226,0.002226,1.000,1.0
pure_translation,68,25161,25111,50,0,0,0.001987,0.001987,1.000,1.0
pure_translation,69,25161,25109,52,0,0,0.002067,0.002067,1.000,1.0
pure_translation,70,25161,25091,70,0,0,0.002782,0.002782,1.000,1.0
pure_translation,71,25161,25094,67,0,0,0.002663,0.002663,1.000,1.0
pure_translation,72,25161,25108,53,0,0,0.002106,0.002106,1.000,1.0
pure_translation,73,25161,25090,71,0,0,0.002822,0.002822,1.000,1.0
pure_translation,74,25161,25096,65,0,0,0.002583,0.002583,1.000,1.0
pure_translation,75,25161,25089,72,0,0,0.002862,0.002862,1.000,1.0
pure_translation,76,25161,25104,57,0,0,0.002265,0.002265,1.000,1.0
pure_translation,77,25161,25092,69,0,0,0.002742,0.002742,1.000,1.0
pure_translation,78,25161,25101,60,0,0,0.002385,0.002385,1.000,1.0
pure_translation,79,25161,25080,81,0,0,0.003219,0.003219,1.000,1.0
pure_translation,80,25161,25101,60,0,0,0.002385,0.002385,1.033,1.0
pure_translation,81,25161,25098,63,0,0,0.002504,0.002504,1.000,1.0
pure_translation,82,25161,25097,64,0,0,0.002544,0.002544,1.000,1.0
pure_translation,83,25161,25110,51,0,0,0.002027,0.002027,1.000,1.0
pure_translation,84,25161,25095,66,0,0,0.002623,0.002623,1.000,1.0
pure_translation,85,25161,25094,67,0,0,0.002663,0.002663,1.000,1.0
pure_translation,86,25161,25106,55,0,0,0.002186,0.002186,1.000,1.0
pure_translation,87,25161,25099,62,0,0,0.002464,0.002464,1.000,1.0
pure_translation,88,25161,25092,69,0,0,0.002742,0.002742,1.000,1.0
pure_translation,89,25161,25095,66,0,0,0.002623,0.002623,1.000,1.0
pure_translation,90,25161,25113,48,0,0,0.001908,0.001908,1.000,1.0
pure_translation,91,25161,25096,65,0,0,0.002583,0.002583,1.000,1.0
pure_translation,92,25161,25100,61,0,0,0.002424,0.002424,1.000,1.0
pure_translation,93,25161,25116,45,0,0,0.001788,0.001788,1.000,1.0
pure_translation,94,25161,25096,65,0,0,0.002583,0.002583,1.000,1.0
pure_translation,95,25161,25108,53,0,0,0.002106,0.002106,1.000,1.0
pure_translation,96,25161,25103,58,0,0,0.002305,0.002305,1.000,1.0
pure_translation,97,25161,25113,48,0,0,0.001908,0.001908,1.000,1.0
pure_translation,98,25161,25089,72,0,0,0.002862,0.002862,1.000,1.0
pure_translation,99,25161,25114,47,0,0,0.001868,0.001868,1.000,1.0
pure_translation,100,25161,25104,57,0,0,0.002265,0.002265,1.000,1.0
pure_translation,101,25161,25108,53,0,0,0.002106,0.002106,1.000,1.0
pure_translation,102,25161,25105,56,0,0,0.002226,0.002226,1.000,1.0
pure_translation,103,25161,25098,63,0,0,0.002504,0.002504,1.000,1.0
pure_translation,104,25161,25102,59,0,0,0.002345,0.002345,1.000,1.0
pure_translation,105,25161,25107,54,0,0,0.002146,0.002146,1.000,1.0
pure_translation,106,25161,25102,59,0,0,0.002345,0.002345,1.000,1.0
pure_translation,107,25161,25101,60,0,0,0.002385,0.002385,1.000,1.0
pure_translation,108,25161,25096,65,0,0,0.002583,0.002583,1.000,1.0
pure_translation,109,25161,25104,57,0,0,0.002265,0.002265,1.000,1.0
pure_translation,110,25161,25106,55,0,0,0.002186,0.002186,1.000,1.0
pure_translation,111,25161,25106,55,0,0,0.002186,0.002186,1.018,1.0
pure_translation,112,25161,25114,47,0,0,0.001868,0.001868,1.000,1.0
pure_translation,113,25161,25120,41,0,0,0.001630,0.001630,1.000,1.0
pure_translation,114,25161,25106,55,0,0,0.002186,0.002186,1.000,1.0
pure_translation,115,25161,25119,42,0,0,0.001669,0.001669,1.000,1.0
pure_translation,116,25161,25106,55,0,0,0.002186,0.002186,1.000,1.0
pure_translation,117,25161,25112,49,0,0,0.001947,0.001947,1.000,1.0
pure_translation,118,25161,25107,54,0,0,0.002146,0.002146,1.000,1.0
pure_translation,119,25161,25103,58,0,0,0.002305,0.002305,1.000,1.0
pure_translation,120,25161,25122,39,0,0,0.001550,0.001550,1.000,1.0
pure_translation,121,25161,25105,56,0,0,0.002226,0.002226,1.000,1.0
pure_translation,122,25161,25123,38,0,0,0.001510,0.001510,1.000,1.0
pure_translation,123,25161,25110,51,0,0,0.002027,0.002027,1.000,1.0
pure_translation,124,25161,25108,53,0,0,0.002106,0.002106,1.000,1.0
pure_translation,125,25161,25096,65,0,0,0.002583,0.002583,1.000,1.0
pure_translation,126,25161,25120,41,0,0,0.001630,0.001630,1.000,1.0
pure_translation,127,25161,25107,54,0,0,0.002146,0.002146,1.000,1.0
pure_translation,128,25161,25099,62,0,0,0.002464,0.002464,1.000,1.0
pure_translation,129,25161,25115,46,0,0,0.001828,0.001828,1.000,1.0
pure_translation,130,25161,25104,57,0,0,0.002265,0.002265,1.000,1.0
pure_translation,131,25161,25112,49,0,0,0.001947,0.001947,1.000,1.0
pure_translation,132,25161,25102,59,0,0,0.002345,0.002345,1.000,1.0
pure_translation,133,25161,25106,55,0,0,0.002186,0.002186,1.000,1.0
pure_translation,134,25161,25110,51,0,0,0.002027,0.002027,1.000,1.0
pure_translation,135,25161,25108,53,0,0,0.002106,0.002106,1.000,1.0
pure_translation,136,25161,25099,62,0,0,0.002464,0.002464,1.000,1.0
pure_translation,137,25161,25105,56,0,0,0.002226,0.002226,1.000,1.0
pure_translation,138,25161,25101,60,0,0,0.002385,0.002385,1.000,1.0
pure_translation,139,25161,25112,49,0,0,0.001947,0.001947,1.000,1.0
pure_translation,140,25161,25100,61,0,0,0.002424,0.002424,1.000,1.0
pure_translation,141,25161,25104,57,0,0,0.002265,0.002265,1.000,1.0
pure_translation,142,25161,25108,53,0,0,0.002106,0.002106,1.000,1.0
pure_translation,143,25161,25097,64,0,0,0.002544,0.002544,1.000,1.0
pure_translation,144,25161,25104,57,0,0,0.002265,0.002265,1.000,1.0
pure_translation,145,25161,25125,36,0,0,0.001431,0.001431,1.000,1.0
pure_translation,146,25161,25103,58,0,0,0.002305,0.002305,1.000,1.0
pure_translation,147,25161,25111,50,0,0,0.001987,0.001987,1.000,1.0
pure_translation,148,25161,25119,42,0,0,0.001669,0.001669,1.000,1.0
pure_translation,149,25161,25109,52,0,0,0.002067,0.002067,1.000,1.0
pure_translation,150,25161,25105,56,0,0,0.002226,0.002226,1.000,1.0
pure_translation,151,25161,25116,45,0,0,0.001788,0.001788,1.000,1.0
pure_translation,152,25161,25119,42,0,0,0.001669,0.001669,1.000,1.0
pure_translation,153,25161,25128,33,0,0,0.001312,0.001312,1.000,1.0
pure_translation,154,25161,25098,63,0,0,0.002504,0.002504,1.000,1.0
pure_translation,155,25161,25115,46,0,0,0.001828,0.001828,1.000,1.0
pure_translation,156,25161,25105,56,0,0,0.002226,0.002226,1.000,1.0
pure_translation,157,25161,25093,68,0,0,0.002703,0.002703,1.000,1.0
pure_translation,158,25161,25101,60,0,0,0.002385,0.002385,1.000,1.0
pure_translation,159,25161,25106,55,0,0,0.002186,0.002186,1.000,1.0
pure_translation,160,25161,25106,55,0,0,0.002186,0.002186,1.000,1.0
pure_translation,161,25161,25103,58,0,0,0.002305,0.002305,1.000,1.0
pure_translation,162,25161,25098,63,0,0,0.002504,0.002504,1.000,1.0
pure_translation,163,25161,25100,61,0,0,0.002424,0.002424,1.000,1.0
pure_translation,164,25161,25110,51,0,0,0.002027,0.002027,1.000,1.0
pure_translation,165,25161,25104,57,0,0,0.002265,0.002265,1.000,1.0
pure_translation,166,25161,25098,63,0,0,0.002504,0.002504,1.000,1.0
pure_translation,167,25161,25097,64,0,0,0.002544,0.002544,1.000,1.0
pure_translation,168,25161,25107,54,0,0,0.002146,0.002146,1.000,1.0
pure_translation,169,25161,25109,52,0,0,0.002067,0.002067,1.000,1.0
pure_translation,170,25161,25123,38,0,0,0.001510,0.001510,1.000,1.0
pure_translation,171,25161,25097,64,0,0,0.002544,0.002544,1.000,1.0
pure_translation,172,25161,25117,44,0,0,0.001749,0.001749,1.023,1.0
pure_translation,173,25161,25104,57,0,0,0.002265,0.002265,1.000,1.0
pure_translation,174,25161,25117,44,0,0,0.001749,0.001749,1.000,1.0
pure_translation,175,25161,25099,62,0,0,0.002464,0.002464,1.000,1.0
pure_translation,176,25161,25104,57,0,0,0.002265,0.002265,1.000,1.0
pure_translation,177,25161,25093,68,0,0,0.002703,0.002703,1.000,1.0
pure_translation,178,25161,25084,77,0,0,0.003060,0.003060,1.000,1.0
pure_translation,179,25161,25092,69,0,0,0.002742,0.002742,1.000,1.0
pure_translation,180,25161,25100,61,0,0,0.002424,0.002424,1.000,1.0
pure_translation,181,25161,25110,51,0,0,0.002027,0.002027,1.000,1.0
pure_translation,182,25161,25106,55,0,0,0.002186,0.002186,1.000,1.0
pure_translation,183,25161,25096,65,0,0,0.002583,0.002583,1.000,1.0
pure_translation,184,25161,25092,69,0,0,0.002742,0.002742,1.000,1.0
pure_translation,185,25161,25117,44,0,0,0.001749,0.001749,1.000,1.0
pure_translation,186,25161,25101,60,0,0,0.002385,0.002385,1.000,1.0
pure_translation,187,25161,25107,54,0,0,0.002146,0.002146,1.000,1.0
pure_translation,188,25161,25114,47,0,0,0.001868,0.001868,1.021,1.0
pure_translation,189,25161,25109,52,0,0,0.002067,0.002067,1.000,1.0
pure_translation,190,25161,25102,59,0,0,0.002345,0.002345,1.000,1.0
pure_translation,191,25161,25117,44,0,0,0.001749,0.001749,1.023,1.0
pure_translation,192,25161,25109,52,0,0,0.002067,0.002067,1.000,1.0
pure_translation,193,25161,25105,56,0,0,0.002226,0.002226,1.000,1.0
pure_translation,194,25161,25107,54,0,0,0.002146,0.002146,1.000,1.0
pure_translation,195,25161,25120,41,0,0,0.001630,0.001630,1.000,1.0
pure_translation,196,25161,25103,58,0,0,0.002305,0.002305,1.000,1.0
pure_translation,197,25161,25117,44,0,0,0.001749,0.001749,1.000,1.0
pure_translation,198,25161,25119,42,0,0,0.001669,0.001669,1.000,1.0
pure_translation,199,25161,25107,54,0,0,0.002146,0.002146,1.000,1.0
pure_translation,200,25161,25114,47,0,0,0.001868,0.001868,1.000,1.0
pure_translation,201,25161,25107,54,0,0,0.002146,0.002146,1.000,1.0
pure_translation,202,25161,25108,53,0,0,0.002106,0.002106,1.000,1.0
pure_translation,203,25161,25113,48,0,0,0.001908,0.001908,1.000,1.0
pure_translation,204,25161,25112,49,0,0,0.001947,0.001947,1.000,1.0
pure_translation,205,25161,25109,52,0,0,0.002067,0.002067,1.000,1.0
pure_translation,206,25161,25107,54,0,0,0.002146,0.002146,1.000,1.0
pure_translation,207,25161,25118,43,0,0,0.001709,0.001709,1.000,1.0
pure_translation,208,25161,25108,53,0,0,0.002106,0.002106,1.000,1.0
pure_translation,209,25161,25121,40,0,0,0.001590,0.001590,1.000,1.0
pure_translation,210,25161,25116,45,0,0,0.001788,0.001788,1.000,1.0
pure_translation,211,25161,25117,44,0,0,0.001749,0.001749,1.000,1.0
pure_translation,212,25161,25114,47,0,0,0.001868,0.001868,1.000,1.0
pure_translation,213,25161,25120,41,0,0,0.001630,0.001630,1.000,1.0
pure_translation,214,25161,25104,57,0,0,0.002265,0.002265,1.000,1.0
pure_translation,215,25161,25105,56,0,0,0.002226,0.002226,1.000,1.0
pure_translation,216,25161,25111,50,0,0,0.001987,0.001987,1.000,1.0
pure_translation,217,25161,25114,47,0,0,0.001868,0.001868,1.000,1.0
pure_translation,218,25161,25124,37,0,0,0.001471,0.001471,1.000,1.0
pure_translation,219,25161,25105,56,0,0,0.002226,0.002226,1.000,1.0
pure_translation,220,25161,25124,37,0,0,0.001471,0.001471,1.000,1.0
pure_translation,221,25161,25109,52,0,0,0.002067,0.002067,1.000,1.0
pure_translation,222,25161,25105,56,0,0,0.002226,0.002226,1.000,1.0
pure_translation,223,25161,25110,51,0,0,0.002027,0.002027,1.000,1.0
pure_translation,224,25161,25117,44,0,0,0.001749,0.001749,1.000,1.0
pure_translation,225,25161,25118,43,0,0,0.001709,0.001709,1.000,1.0
pure_translation,226,25161,25110,51,0,0,0.002027,0.002027,1.000,1.0
pure_translation,227,25161,25111,50,0,0,0.001987,0.001987,1.000,1.0
pure_translation,228,25161,25109,52,0,0,0.002067,0.002067,1.000,1.0
pure_translation,229,25161,25117,44,0,0,0.001749,0.001749,1.000,1.0
pure_translation,230,25161,25108,53,0,0,0.002106,0.002106,1.000,1.0
pure_translation,231,25161,25117,44,0,0,0.001749,0.001749,1.000,1.0
pure_translation,232,25161,25109,52,0,0,0.002067,0.002067,1.000,1.0
pure_translation,233,25161,25125,36,0,0,0.001431,0.001431,1.000,1.0
pure_translation,234,25161,25128,33,0,0,0.001312,0.001312,1.000,1.0
pure_translation,235,25161,25106,55,0,0,0.002186,0.002186,1.000,1.0
pure_translation,236,25161,25098,63,0,0,0.002504,0.002504,1.000,1.0
pure_translation,237,25161,25116,45,0,0,0.001788,0.001788,1.000,1.0
pure_translation,238,25161,25104,57,0,0,0.002265,0.002265,1.000,1.0
pure_translation,239,25161,25109,52,0,0,0.002067,0.002067,1.038,1.0
pure_translation,240,25161,25113,48,0,0,0.001908,0.001908,1.000,1.0
pure_translation,241,25161,25118,43,0,0,0.001709,0.001709,1.000,1.0
pure_translation,242,25161,25097,64,0,0,0.002544,0.002544,1.000,1.0
pure_translation,243,25161,25108,53,0,0,0.002106,0.002106,1.000,1.0
pure_translation,244,25161,25090,71,0,0,0.002822,0.002822,1.000,1.0
pure_translation,245,25161,25100,61,0,0,0.002424,0.002424,1.000,1.0
pure_translation,246,25161,25101,60,0,0,0.002385,0.002385,1.000,1.0
pure_translation,247,25161,25114,47,0,0,0.001868,0.001868,1.000,1.0
pure_translation,248,25161,25102,59,0,0,0.002345,0.002345,1.000,1.0
pure_translation,249,25161,25107,54,0,0,0.002146,0.002146,1.000,1.0
pure_translation,250,25161,25107,54,0,0,0.002146,0.002146,1.000,1.0
pure_translation,251,25161,25118,43,0,0,0.001709,0.001709,1.000,1.0
pure_translation,252,25161,25109,52,0,0,0.002067,0.002067,1.000,1.0
pure_translation,253,25161,25100,61,0,0,0.002424,0.002424,1.000,1.0
pure_translation,254,25161,25099,62,0,0,0.002464,0.002464,1.000,1.0
pure_translation,255,25161,25106,55,0,0,0.002186,0.002186,1.000,1.0
pure_translation,256,25161,25103,58,0,0,0.002305,0.002305,1.000,1.0
pure_translation,257,25161,25108,53,0,0,0.002106,0.002106,1.000,1.0
pure_translation,258,25161,25105,56,0,0,0.002226,0.002226,1.000,1.0
pure_translation,259,25161,25105,56,0,0,0.002226,0.002226,1.000,1.0
pure_translation,260,25161,25104,57,0,0,0.002265,0.002265,1.000,1.0
pure_translation,261,25161,25105,56,0,0,0.002226,0.002226,1.000,1.0
pure_translation,262,25161,25107,54,0,0,0.002146,0.002146,1.000,1.0
pure_translation,263,25161,25091,70,0,0,0.002782,0.002782,1.000,1.0
pure_translation,264,25161,25113,48,0,0,0.001908,0.001908,1.000,1.0
pure_translation,265,25161,25112,49,0,0,0.001947,0.001947,1.000,1.0
pure_translation,266,25161,25099,62,0,0,0.002464,0.002464,1.000,1.0
pure_translation,267,25161,25101,60,0,0,0.002385,0.002385,1.000,1.0
pure_translation,268,25161,25101,60,0,0,0.002385,0.002385,1.000,1.0
pure_translation,269,25161,25113,48,0,0,0.001908,0.001908,1.000,1.0
pure_translation,270,25161,25097,64,0,0,0.002544,0.002544,1.000,1.0
pure_translation,271,25161,25117,44,0,0,0.001749,0.001749,1.000,1.0
pure_translation,272,25161,25100,61,0,0,0.002424,0.002424,1.000,1.0
pure_translation,273,25161,25109,52,0,0,0.002067,0.002067,1.000,1.0
pure_translation,274,25161,25110,51,0,0,0.002027,0.002027,1.000,1.0
pure_translation,275,25161,25112,49,0,0,0.001947,0.001947,1.000,1.0
pure_translation,276,25161,25120,41,0,0,0.001630,0.001630,1.000,1.0
pure_translation,277,25161,25102,59,0,0,0.002345,0.002345,1.000,1.0
pure_translation,278,25161,25106,55,0,0,0.002186,0.002186,1.000,1.0
pure_translation,279,25161,25101,60,0,0,0.002385,0.002385,1.000,1.0
pure_translation,280,25161,25095,66,0,0,0.002623,0.002623,1.000,1.0
pure_translation,281,25161,25124,37,0,0,0.001471,0.001471,1.000,1.0
pure_translation,282,25161,25118,43,0,0,0.001709,0.001709,1.000,1.0
pure_translation,283,25161,25111,50,0,0,0.001987,0.001987,1.000,1.0
pure_translation,284,25161,25115,46,0,0,0.001828,0.001828,1.000,1.0
pure_translation,285,25161,25099,62,0,0,0.002464,0.002464,1.000,1.0
pure_translation,286,25161,25101,60,0,0,0.002385,0.002385,1.000,1.0
pure_translation,287,25161,25122,39,0,0,0.001550,0.001550,1.000,1.0
pure_translation,288,25161,25117,44,0,0,0.001749,0.001749,1.000,1.0
pure_translation,289,25161,25104,57,0,0,0.002265,0.002265,1.000,1.0
pure_translation,290,25161,25112,49,0,0,0.001947,0.001947,1.000,1.0
pure_translation,291,25161,25109,52,0,0,0.002067,0.002067,1.000,1.0
pure_translation,292,25161,25119,42,0,0,0.001669,0.001669,1.000,1.0
pure_translation,293,25161,25115,46,0,0,0.001828,0.001828,1.000,1.0
pure_translation,294,25161,25113,48,0,0,0.001908,0.001908,1.000,1.0
pure_translation,295,25161,25111,50,0,0,0.001987,0.001987,1.000,1.0
pure_translation,296,25161,25106,55,0,0,0.002186,0.002186,1.000,1.0
pure_translation,297,25161,25103,58,0,0,0.002305,0.002305,1.000,1.0
pure_translation,298,25161,25115,46,0,0,0.001828,0.001828,1.000,1.0
pure_translation,299,25161,25116,45,0,0,0.001788,0.001788,1.000,1.0
random_teleport,0,25161,0,0,25161,0,0.000000,1.000000,0.000,0.0
random_teleport,1,25161,2470,22691,0,0,0.901832,0.901832,3.602,10.0
random_teleport,2,25161,40,25121,0,0,0.998410,0.998410,7.019,9.0
random_teleport,3,25161,84,25077,0,0,0.996661,0.996661,4.436,6.0
random_teleport,4,25161,240,24921,0,0,0.990461,0.990461,2.665,4.0
random_teleport,5,25161,482,24679,0,0,0.980843,0.980843,7.196,11.0
random_teleport,6,25161,1288,23873,0,0,0.948810,0.948810,3.066,6.0
random_teleport,7,25161,225,24936,0,0,0.991058,0.991058,6.034,8.0
random_teleport,8,25161,48,25113,0,0,0.998092,0.998092,3.061,7.0
random_teleport,9,25161,8426,16735,0,0,0.665117,0.665117,2.036,5.0
random_teleport,10,25161,3031,22130,0,0,0.879536,0.879536,2.194,6.0
random_teleport,11,25161,15,25146,0,0,0.999404,0.999404,4.701,6.0
random_teleport,12,25161,177,24984,0,0,0.992965,0.992965,3.862,12.0
random_teleport,13,25161,14,25147,0,0,0.999444,0.999444,8.218,10.0
random_teleport,14,25161,9,25152,0,0,0.999642,0.999642,8.782,11.0
random_teleport,15,25161,18,25143,0,0,0.999285,0.999285,5.130,10.0
random_teleport,16,25161,255,24906,0,0,0.989865,0.989865,8.347,12.0
random_teleport,17,25161,1,25160,0,0,0.999960,0.999960,12.486,16.0
random_teleport,18,25161,5,25156,0,0,0.999801,0.999801,5.635,8.0
random_teleport,19,25161,7,25154,0,0,0.999722,0.999722,5.539,8.0
random_teleport,20,25161,17,25144,0,0,0.999324,0.999324,6.066,10.0
random_teleport,21,25161,172,24989,0,0,0.993164,0.993164,5.576,8.0
random_teleport,22,25161,8,25153,0,0,0.999682,0.999682,12.130,16.0
random_teleport,23,25161,5,25156,0,0,0.999801,0.999801,9.299,13.0
random_teleport,24,25161,125,25036,0,0,0.995032,0.995032,6.778,10.0
random_teleport,25,25161,31,25130,0,0,0.998768,0.998768,7.426,11.0
random_teleport,26,25161,4,25157,0,0,0.999841,0.999841,7.044,10.0
random_teleport,27,25161,11,25150,0,0,0.999563,0.999563,7.475,10.0
random_teleport,28,25161,383,24778,0,0,0.984778,0.984778,3.713,8.0
random_teleport,29,25161,1,25160,0,0,0.999960,0.999960,7.761,12.0
random_teleport,30,25161,35,25126,0,0,0.998609,0.998609,4.160,6.0
random_teleport,31,25161,381,24780,0,0,0.984857,0.984857,5.512,11.0
random_teleport,32,25161,1,25160,0,0,0.999960,0.999960,10.279,13.0
random_teleport,33,25161,223,24938,0,0,0.991137,0.991137,8.505,11.0
random_teleport,34,25161,4,25157,0,0,0.999841,0.999841,8.383,10.0
random_teleport,35,25161,4,25157,0,0,0.999841,0.999841,8.965,11.0
random_teleport,36,25161,626,24535,0,0,0.975120,0.975120,5.537,11.0
random_teleport,37,25161,92,25069,0,0,0.996344,0.996344,8.647,12.0
random_teleport,38,25161,62,25099,0,0,0.997536,0.997536,8.518,11.0
random_teleport,39,25161,7,25154,0,0,0.999722,0.999722,6.742,11.0
random_teleport,40,25161,7,25154,0,0,0.999722,0.999722,5.942,8.0
random_teleport,41,25161,747,24414,0,0,0.970311,0.970311,3.021,7.0
random_teleport,42,25161,84,25077,0,0,0.996661,0.996661,3.688,6.0
random_teleport,43,25161,18,25143,0,0,0.999285,0.999285,5.840,11.0
random_teleport,44,25161,5,25156,0,0,0.999801,0.999801,10.984,14.0
random_teleport,45,25161,0,25161,0,0,1.000000,1.000000,12.347,15.0
random_teleport,46,25161,9,25152,0,0,0.999642,0.999642,5.047,7.0
random_teleport,47,25161,196,24965,0,0,0.992210,0.992210,4.942,9.0
random_teleport,48,25161,107,25054,0,0,0.995747,0.995747,5.852,10.0
random_teleport,49,25161,430,24731,0,0,0.982910,0.982910,4.411,6.0
random_teleport,50,25161,0,25161,0,0,1.000000,1.000000,12.001,15.0
random_teleport,51,25161,589,24572,0,0,0.976591,0.976591,2.314,3.0
random_teleport,52,25161,80,25081,0,0,0.996820,0.996820,3.429,5.0
random_teleport,53,25161,658,24503,0,0,0.973848,0.973848,3.809,9.0
random_teleport,54,25161,16,25145,0,0,0.999364,0.999364,7.849,10.0
random_teleport,55,25161,927,24234,0,0,0.963157,0.963157,3.753,7.0
random_teleport,56,25161,168,24993,0,0,0.993323,0.993323,7.528,10.0
random_teleport,57,25161,202,24959,0,0,0.991972,0.991972,7.979,10.0
random_teleport,58,25161,14,25147,0,0,0.999444,0.999444,6.559,8.0
random_teleport,59,25161,0,25161,0,0,1.000000,1.000000,9.715,13.0
random_teleport,60,25161,474,24687,0,0,0.981161,0.981161,5.001,7.0
random_teleport,61,25161,1,25160,0,0,0.999960,0.999960,9.377,12.0
random_teleport,62,25161,41,25120,0,0,0.998370,0.998370,4.077,5.0
random_teleport,63,25161,1095,24066,0,0,0.956480,0.956480,1.665,3.0
random_teleport,64,25161,60,25101,0,0,0.997615,0.997615,7.062,9.0
random_teleport,65,25161,264,24897,0,0,0.989508,0.989508,3.505,5.0
random_teleport,66,25161,2,25159,0,0,0.999920,0.999920,8.400,12.0
random_teleport,67,25161,2,25159,0,0,0.999920,0.999920,8.257,11.0
random_teleport,68,25161,0,25161,0,0,1.000000,1.000000,10.925,14.0
random_teleport,69,25161,45,25116,0,0,0.998212,0.998212,8.288,12.0
random_teleport,70,25161,29,25132,0,0,0.998847,0.998847,8.553,11.0
random_teleport,71,25161,1,25160,0,0,0.999960,0.999960,7.839,10.0
random_teleport,72,25161,0,25161,0,0,1.000000,1.000000,9.626,12.0
random_teleport,73,25161,2751,22410,0,0,0.890664,0.890664,1.317,2.0
random_teleport,74,25161,163,24998,0,0,0.993522,0.993522,8.352,11.0
random_teleport,75,25161,649,24512,0,0,0.974206,0.974206,4.113,6.0
random_teleport,76,25161,29,25132,0,0,0.998847,0.998847,5.123,12.0
random_teleport,77,25161,8779,16382,0,0,0.651087,0.651087,1.233,2.0
random_teleport,78,25161,9236,15925,0,0,0.632924,0.632924,1.139,2.0
random_teleport,79,25161,334,24827,0,0,0.986726,0.986726,3.417,10.0
random_teleport,80,25161,19,25142,0,0,0.999245,0.999245,5.926,8.0
random_teleport,81,25161,0,25161,0,0,1.000000,1.000000,10.700,13.0
random_teleport,82,25161,0,25161,0,0,1.000000,1.000000,9.224,11.0
random_teleport,83,25161,2,25159,0,0,0.999920,0.999920,9.077,12.0
random_teleport,84,25161,22,25139,0,0,0.999126,0.999126,4.470,6.0
random_teleport,85,25161,140,25021,0,0,0.994436,0.994436,6.584,12.0
random_teleport,86,25161,3067,22094,0,0,0.878105,0.878105,4.032,12.0
random_teleport,87,25161,1965,23196,0,0,0.921903,0.921903,3.085,7.0
random_teleport,88,25161,5,25156,0,0,0.999801,0.999801,8.817,13.0
random_teleport,89,25161,0,25161,0,0,1.000000,1.000000,10.932,14.0
random_teleport,90,25161,88,25073,0,0,0.996503,0.996503,10.431,13.0
random_teleport,91,25161,3,25158,0,0,0.999881,0.999881,7.524,10.0
random_teleport,92,25161,2,25159,0,0,0.999920,0.999920,7.469,10.0
random_teleport,93,25161,39,25122,0,0,0.998450,0.998450,2.577,5.0
random_teleport,94,25161,3319,21842,0,0,0.868089,0.868089,4.651,13.0
random_teleport,95,25161,7,25154,0,0,0.999722,0.999722,6.248,10.0
random_teleport,96,25161,18,25143,0,0,0.999285,0.999285,6.841,9.0
random_teleport,97,25161,109,25052,0,0,0.995668,0.995668,7.629,11.0
random_teleport,98,25161,0,25161,0,0,1.000000,1.000000,8.634,12.0
random_teleport,99,25161,39,25122,0,0,0.998450,0.998450,3.626,6.0
